ha,hja,-0.014889225
kju,gju,-0.017857143
ku,kju,-0.018929765
gu,gju,-0.018929765
kja,gja,-0.020833333
kjo,gjo,-0.020833333
ho,hjo,-0.022334853
ro,rjo,-0.022334853
djo,bjo,-0.023126182
njo,mjo,-0.023126182
bjo,mjo,-0.023255814
ka,kja,-0.027544409
ko,kjo,-0.027544409
ga,gja,-0.027544409
go,gjo,-0.027544409
tju,pju,-0.028314965
nju,mju,-0.028314965
sjo,zjo,-0.028571429
tjo,djo,-0.028571429
djo,njo,-0.028571429
pju,bju,-0.028571429
bja,mja,-0.028571429
bju,mju,-0.028571429
hu,hju,-0.032724649
bo,bjo,-0.032724649
mo,mjo,-0.032724649
ra,rja,-0.032724649
ru,rju,-0.032724649
sja,zja,-0.037037037
sju,zju,-0.037037037
ki,gi,-0.04
ku,gu,-0.04
hi,he,-0.040066894
ri,re,-0.040066894
ki,ke,-0.041742431
ku,ko,-0.041742431
gi,ge,-0.041742431
gu,go,-0.041742431
ju,jo,-0.043564535
a,hja,-0.044338812
pe,be,-0.045454545
be,me,-0.045454545
ku,gju,-0.045655889
kju,gu,-0.045655889
ka,ga,-0.047619048
ke,ge,-0.047619048
ko,go,-0.047619048
te,pe,-0.047732983
de,be,-0.047732983
ne,me,-0.047732983
hu,ho,-0.047732983
pi,pe,-0.047732983
bi,be,-0.047732983
mi,me,-0.047732983
ru,ro,-0.047732983
so,sjo,-0.048246049
zo,zjo,-0.048246049
to,tjo,-0.048246049
do,djo,-0.048246049
no,njo,-0.048246049
pu,pju,-0.048246049
ba,bja,-0.048246049
bu,bju,-0.048246049
ma,mja,-0.048246049
mu,mju,-0.048246049
tjo,bjo,-0.048903146
djo,mjo,-0.048903146
njo,bjo,-0.048903146
u,kju,-0.054564597
u,gju,-0.054564597
se,ze,-0.055555556
te,de,-0.055555556
de,ne,-0.055555556
pi,bi,-0.055555556
po,bo,-0.055555556
bi,mi,-0.055555556
bo,mo,-0.055555556
o,hjo,-0.056577973
o,rjo,-0.056577973
tjo,njo,-0.057142857
pju,mju,-0.057142857
sjo,tjo,-0.057142857
zjo,djo,-0.057142857
ka,gja,-0.059041448
kja,ga,-0.059041448
ko,gjo,-0.059041448
kjo,go,-0.059041448
si,se,-0.059041448
zi,ze,-0.059041448
ti,te,-0.059041448
ti,pi,-0.059041448
to,po,-0.059041448
do,bo,-0.059041448
ni,ne,-0.059041448
ni,mi,-0.059041448
no,mo,-0.059041448
pu,po,-0.059041448
bu,bo,-0.059041448
mu,mo,-0.059041448
kju,pju,-0.059539897
gju,bju,-0.059539897
tja,bja,-0.060844967
tju,bju,-0.060844967
nju,bju,-0.060844967
tjo,po,-0.06174951
djo,bo,-0.06174951
njo,mo,-0.06174951
zjo,rjo,-0.062122512
djo,rjo,-0.062122512
ko,kju,-0.062591117
go,gju,-0.062591117
a,kja,-0.066987298
a,gja,-0.066987298
o,kjo,-0.066987298
o,gjo,-0.066987298
a,rja,-0.067920717
u,hju,-0.067920717
u,rju,-0.067920717
o,bjo,-0.067920717
o,mjo,-0.067920717
po,bjo,-0.068668907
bo,mjo,-0.068668907
bjo,mo,-0.068668907
gjo,bjo,-0.070780183
hu,hjo,-0.070936065
ru,rjo,-0.070936065
si,zi,-0.071428571
so,zo,-0.071428571
to,do,-0.071428571
do,no,-0.071428571
pa,ba,-0.071428571
pu,bu,-0.071428571
ba,ma,-0.071428571
bu,mu,-0.071428571
kjo,pju,-0.073043718
gja,bja,-0.073043718
gjo,bju,-0.073043718
sa,sja,-0.073993566
su,sju,-0.073993566
za,zja,-0.073993566
zu,zju,-0.073993566
ta,tja,-0.073993566
tu,tju,-0.073993566
nu,nju,-0.073993566
sja,tja,-0.074074074
sju,tju,-0.074074074
tju,nju,-0.074074074
zju,rju,-0.074448729
zja,rja,-0.074448729
zjo,bjo,-0.074680109
tjo,mjo,-0.074680109
kju,kjo,-0.075665788
kju,tju,-0.075665788
gju,gjo,-0.075665788
a,bja,-0.077422873
a,mja,-0.077422873
u,pju,-0.077422873
u,bju,-0.077422873
u,mju,-0.077422873
o,sjo,-0.077422873
o,zjo,-0.077422873
o,tjo,-0.077422873
o,djo,-0.077422873
o,njo,-0.077422873
su,so,-0.077422873
zu,zo,-0.077422873
ta,pa,-0.077422873
tu,to,-0.077422873
tu,pu,-0.077422873
da,ba,-0.077422873
na,ma,-0.077422873
nu,no,-0.077422873
nu,mu,-0.077422873
ki,ku,-0.08
gi,gu,-0.08
he,ho,-0.081878995
re,ro,-0.081878995
kju,bju,-0.082127595
gju,pju,-0.082127595
gju,mju,-0.082127595
a,sja,-0.083024806
a,zja,-0.083024806
a,tja,-0.083024806
u,sju,-0.083024806
u,zju,-0.083024806
u,tju,-0.083024806
u,nju,-0.083024806
hju,hjo,-0.083595614
bjo,rjo,-0.083595614
rju,rjo,-0.083595614
ki,ge,-0.085386009
ku,go,-0.085386009
ke,gi,-0.085386009
ko,gu,-0.085386009
sjo,djo,-0.085714286
zjo,tjo,-0.085714286
zjo,njo,-0.085714286
njo,rjo,-0.085791565
sjo,rjo,-0.085791565
tjo,rjo,-0.085791565
sja,hja,-0.086594685
tja,hja,-0.086594685
tju,pu,-0.0885244
nju,mu,-0.0885244
tja,pa,-0.0885244
jo,hju,-0.090803396
ju,kju,-0.090841456
ju,gju,-0.090841456
pe,me,-0.090909091
i,ju,-0.09175171
u,ju,-0.09175171
ko,gju,-0.09175171
kju,go,-0.09175171
do,bjo,-0.092430427
no,mjo,-0.092430427
bu,bjo,-0.092430427
mu,mjo,-0.092430427
kjo,bjo,-0.092791456
gjo,mjo,-0.092791456
hja,bja,-0.092890065
hja,rja,-0.093000733
sju,pju,-0.09337497
zja,bja,-0.09337497
zju,bju,-0.09337497
tja,mja,-0.09337497
tju,mju,-0.09337497
nju,pju,-0.09337497
so,zjo,-0.093421444
sjo,zo,-0.093421444
to,djo,-0.093421444
tjo,do,-0.093421444
do,njo,-0.093421444
djo,no,-0.093421444
pa,bja,-0.093421444
pu,bju,-0.093421444
pju,bu,-0.093421444
ba,mja,-0.093421444
bu,mju,-0.093421444
bja,ma,-0.093421444
bju,mu,-0.093421444
ko,pju,-0.094258888
go,bju,-0.094258888
ku,pju,-0.094325958
gu,bju,-0.094325958
kju,gjo,-0.094953706
kjo,gju,-0.094953706
ke,ko,-0.095238095
ge,go,-0.095238095
ju,hju,-0.095327676
ku,kjo,-0.095854812
gu,gjo,-0.095854812
kja,hja,-0.09599026
kja,tja,-0.097222222
kjo,tju,-0.097222222
gjo,mju,-0.09744122
kjo,tjo,-0.09744122
gjo,djo,-0.09744122
kja,bja,-0.09744122
kjo,bju,-0.09744122
gja,mja,-0.09744122
gjo,pju,-0.09744122
te,be,-0.097984874
de,pe,-0.097984874
de,me,-0.097984874
ne,be,-0.097984874
hi,hu,-0.097984874
pi,be,-0.097984874
pe,po,-0.097984874
pe,bi,-0.097984874
bi,me,-0.097984874
be,bo,-0.097984874
be,mi,-0.097984874
me,mo,-0.097984874
ri,ru,-0.097984874
hjo,rjo,-0.098039216
sa,za,-0.1
su,zu,-0.1
ta,da,-0.1
da,na,-0.1
sjo,bjo,-0.100457072
zjo,mjo,-0.100457072
bju,bjo,-0.100457072
bju,rju,-0.100457072
mju,mjo,-0.100457072
hju,pju,-0.100457072
bja,rja,-0.100457072
ti,pe,-0.101137982
ni,me,-0.101137982
gju,tju,-0.101383013
gju,nju,-0.101383013
tjo,bo,-0.101590464
djo,po,-0.101590464
djo,mo,-0.101590464
njo,bo,-0.101590464
kju,hju,-0.102619666
gju,rju,-0.102619666
zjo,ro,-0.103587516
djo,ro,-0.103587516
sja,rja,-0.103797092
sju,rju,-0.103797092
tja,rja,-0.103797092
tju,rju,-0.103797092
nju,rju,-0.103797092
po,mjo,-0.104613165
kju,mju,-0.104715292
hjo,bjo,-0.104949685
mjo,rjo,-0.104949685
gjo,rjo,-0.105879609
kjo,hjo,-0.105879609
a,ha,-0.10776773
e,he,-0.10776773
e,re,-0.10776773
sjo,hjo,-0.109460619
tjo,hjo,-0.109460619
ho,hju,-0.109846347
ro,rju,-0.109846347
i,e,-0.111111111
u,o,-0.111111111
se,te,-0.111111111
ze,de,-0.111111111
zja,tja,-0.111111111
zju,tju,-0.111111111
zju,nju,-0.111111111
te,ne,-0.111111111
te,pi,-0.111111111
de,bi,-0.111111111
ne,mi,-0.111111111
pi,mi,-0.111111111
po,mo,-0.111111111
zja,hja,-0.111649552
jo,kjo,-0.112701665
jo,gjo,-0.112701665
ke,pi,-0.114241625
ge,bi,-0.114241625
sjo,njo,-0.114285714
gja,hja,-0.114781411
kjo,hju,-0.114802728
kjo,mjo,-0.114802728
gja,rja,-0.114802728
gjo,rju,-0.114802728
hja,mja,-0.114896008
u,kjo,-0.115099821
u,gjo,-0.115099821
ku,tju,-0.115099821
ha,he,-0.115384615
hju,rju,-0.11627907
o,hju,-0.118753574
o,rju,-0.118753574
hju,wa,-0.118753574
ki,gu,-0.12
ku,gi,-0.12
ju,pju,-0.120463942
ju,bju,-0.120463942
ju,mju,-0.120463942
ko,pu,-0.120912302
go,bu,-0.120912302
kja,mja,-0.121838722
kjo,djo,-0.121838722
kjo,mju,-0.121838722
gjo,tjo,-0.121838722
gjo,njo,-0.121838722
jo,pju,-0.122035527
jo,bju,-0.122035527
jo,mju,-0.122035527
ko,tju,-0.122035527
si,ze,-0.122035527
se,so,-0.122035527
se,zi,-0.122035527
ze,zo,-0.122035527
ti,de,-0.122035527
ti,bi,-0.122035527
te,to,-0.122035527
to,bo,-0.122035527
de,do,-0.122035527
de,ni,-0.122035527
do,po,-0.122035527
do,mo,-0.122035527
ni,bi,-0.122035527
ne,no,-0.122035527
no,bo,-0.122035527
pi,pu,-0.122035527
pu,bo,-0.122035527
po,bu,-0.122035527
bi,bu,-0.122035527
bu,mo,-0.122035527
bo,mu,-0.122035527
mi,mu,-0.122035527
sja,ha,-0.122574322
tja,ha,-0.122574322
kju,rju,-0.122998145
gju,hju,-0.122998145
ha,ho,-0.123691095
jo,hjo,-0.124265425
ku,gjo,-0.124722325
kjo,gu,-0.124722325
ja,wa,-0.125
gja,tja,-0.125
gjo,tju,-0.125
gjo,nju,-0.125
ki,kju,-0.125834261
gi,gju,-0.125834261
su,sjo,-0.125834261
zu,zjo,-0.125834261
tu,tjo,-0.125834261
tu,pju,-0.125834261
da,bja,-0.125834261
na,mja,-0.125834261
nu,njo,-0.125834261
nu,mju,-0.125834261
sja,bja,-0.125904972
sju,sjo,-0.125904972
sju,bju,-0.125904972
zja,mja,-0.125904972
zju,zjo,-0.125904972
zju,pju,-0.125904972
zju,mju,-0.125904972
tju,tjo,-0.125904972
nju,njo,-0.125904972
kjo,rjo,-0.126090911
gjo,hjo,-0.126090911
sjo,mjo,-0.126234035
hju,bju,-0.126234035
pju,bjo,-0.126234035
pju,rju,-0.126234035
bju,mjo,-0.126234035
bjo,mju,-0.126234035
mja,rja,-0.126234035
mju,rju,-0.126234035
hjo,mjo,-0.126303756
ja,hi,-0.126898746
kju,sju,-0.127100238
kju,nju,-0.127100238
gju,zju,-0.127100238
i,jo,-0.127322004
u,jo,-0.127322004
e,jo,-0.127322004
o,jo,-0.127322004
tu,po,-0.127322004
nu,mo,-0.127322004
ku,bju,-0.128132128
gu,pju,-0.128132128
gu,mju,-0.128132128
ki,ko,-0.129029587
ku,ke,-0.129029587
gi,go,-0.129029587
gu,ge,-0.129029587
ze,re,-0.130199869
de,re,-0.130199869
hu,he,-0.130199869
ra,re,-0.130199869
ru,re,-0.130199869
jo,hu,-0.131067606
ko,bju,-0.131144443
ga,bja,-0.131144443
go,pju,-0.131144443
go,mju,-0.131144443
ju,ki,-0.132576539
ju,ku,-0.132576539
ju,gi,-0.132576539
ju,gu,-0.132576539
zjo,hjo,-0.133129672
djo,hjo,-0.133129672
sju,hju,-0.133145456
tju,hju,-0.133145456
nju,mjo,-0.133145456
to,bjo,-0.133187384
do,mjo,-0.133187384
no,bjo,-0.133187384
pu,bjo,-0.133187384
bu,mjo,-0.133187384
bjo,mu,-0.133187384
i,ki,-0.133333333
i,gi,-0.133333333
u,ku,-0.133333333
u,gu,-0.133333333
kjo,pu,-0.133529544
gjo,bu,-0.133529544
o,pju,-0.13376649
o,bju,-0.13376649
o,mju,-0.13376649
go,bjo,-0.133942921
sa,zja,-0.134851628
su,zju,-0.134851628
sja,za,-0.134851628
sju,zu,-0.134851628
tja,da,-0.134851628
ha,bja,-0.135353551
hi,ho,-0.136363636
ri,ro,-0.136363636
kja,rja,-0.136814001
kjo,rju,-0.136814001
gjo,hju,-0.136814001
zja,ra,-0.137112631
zju,ru,-0.137112631
so,tjo,-0.138596839
sjo,to,-0.138596839
zo,djo,-0.138596839
zjo,do,-0.138596839
to,njo,-0.138596839
tjo,no,-0.138596839
tjo,pu,-0.138596839
djo,bu,-0.138596839
njo,mu,-0.138596839
pa,mja,-0.138596839
pu,mju,-0.138596839
pju,mu,-0.138596839
ja,kja,-0.139156082
ja,gja,-0.139156082
kja,wa,-0.139156082
kjo,wa,-0.139156082
gja,wa,-0.139156082
gjo,wa,-0.139156082
sjo,ro,-0.139625015
tjo,ro,-0.139625015
njo,ro,-0.139625015
tja,ba,-0.13995885
tju,bu,-0.13995885
nju,bu,-0.13995885
ha,rja,-0.141110837
jo,kju,-0.141431417
jo,gju,-0.141431417
sjo,po,-0.141431417
zjo,bo,-0.141431417
tjo,mo,-0.141431417
njo,po,-0.141431417
po,pju,-0.141431417
bo,bju,-0.141431417
mo,mju,-0.141431417
ja,hja,-0.141980495
bjo,ro,-0.142359151
kjo,po,-0.142782746
gjo,bo,-0.142782746
ka,ke,-0.142857143
ka,ko,-0.142857143
ke,go,-0.142857143
ko,ge,-0.142857143
ga,ge,-0.142857143
ga,go,-0.142857143
si,ti,-0.142857143
so,to,-0.142857143
zo,do,-0.142857143
ti,ni,-0.142857143
to,no,-0.142857143
to,pu,-0.142857143
tjo,pju,-0.142857143
do,bu,-0.142857143
djo,bju,-0.142857143
no,mu,-0.142857143
njo,mju,-0.142857143
pa,ma,-0.142857143
pu,mu,-0.142857143
he,hjo,-0.142997226
re,rjo,-0.142997226
i,hi,-0.144665473
i,ri,-0.144665473
e,hi,-0.144665473
e,pe,-0.144665473
e,be,-0.144665473
e,me,-0.144665473
e,ri,-0.144665473
o,ho,-0.144665473
o,ro,-0.144665473
kja,ha,-0.146163427
kjo,sjo,-0.146236224
kjo,njo,-0.146236224
gjo,zjo,-0.146236224
ju,sju,-0.146446609
ju,zju,-0.146446609
ju,tju,-0.146446609
ju,nju,-0.146446609
ki,pi,-0.146446609
gi,bi,-0.146446609
hu,wa,-0.146446609
o,sju,-0.147174835
o,zju,-0.147174835
o,tju,-0.147174835
o,nju,-0.147174835
sju,nju,-0.148148148
se,pe,-0.148236765
ze,be,-0.148236765
te,me,-0.148236765
ne,pe,-0.148236765
pi,me,-0.148236765
pe,bo,-0.148236765
pe,mi,-0.148236765
po,be,-0.148236765
be,mo,-0.148236765
bo,me,-0.148236765
ra,ro,-0.148236765
hjo,wa,-0.149929979
ke,pe,-0.151068421
ge,be,-0.151068421
hju,mju,-0.152010998
pju,mjo,-0.152010998
ki,gju,-0.152560386
ku,pu,-0.152560386
kju,gi,-0.152560386
gu,bu,-0.152560386
kja,sja,-0.152777778
kjo,sju,-0.152777778
kjo,nju,-0.152777778
gja,zja,-0.152777778
gjo,zju,-0.152777778
kju,zju,-0.152817463
gju,sju,-0.152817463
ke,kjo,-0.153532566
ge,gjo,-0.153532566
gu,tju,-0.153589838
gu,nju,-0.153589838
jo,sju,-0.155734814
jo,zju,-0.155734814
jo,tju,-0.155734814
jo,nju,-0.155734814
ja,ha,-0.156796764
ja,he,-0.156796764
njo,hjo,-0.156798725
ju,rju,-0.157584956
zi,ri,-0.158118271
zo,ro,-0.158118271
ti,be,-0.158118271
to,pe,-0.158118271
do,be,-0.158118271
do,ro,-0.158118271
ni,be,-0.158118271
no,me,-0.158118271
pa,pe,-0.158118271
pu,pe,-0.158118271
ba,be,-0.158118271
bu,be,-0.158118271
ma,me,-0.158118271
mu,me,-0.158118271
jo,ke,-0.158434974
jo,ko,-0.158434974
jo,ge,-0.158434974
jo,go,-0.158434974
sja,mja,-0.158434974
sju,zjo,-0.158434974
sju,mju,-0.158434974
sjo,zju,-0.158434974
tju,djo,-0.158434974
djo,nju,-0.158434974
jo,bjo,-0.15900283
jo,mjo,-0.15900283
jo,rju,-0.15900283
zja,ha,-0.16031689
kju,pu,-0.160714286
gju,bu,-0.160714286
ku,mju,-0.161938298
si,su,-0.161938298
su,zo,-0.161938298
so,zu,-0.161938298
zi,zu,-0.161938298
ta,ba,-0.161938298
ti,tu,-0.161938298
tu,do,-0.161938298
tu,bu,-0.161938298
da,pa,-0.161938298
da,ma,-0.161938298
do,nu,-0.161938298
na,ba,-0.161938298
ni,nu,-0.161938298
nu,bu,-0.161938298
nu,mjo,-0.162430024
zju,hju,-0.162493819
tju,bjo,-0.162493819
nju,bjo,-0.162493819
zju,rjo,-0.163144965
zo,rjo,-0.163183465
do,rjo,-0.163183465
ju,hu,-0.163212343
ka,tja,-0.16403158
go,tju,-0.16403158
go,nju,-0.16403158
ku,hju,-0.164503145
gu,rju,-0.164503145
ja,jo,-0.164589803
jo,wa,-0.164589803
ha,hi,-0.165503196
he,pe,-0.165503196
be,re,-0.165503196
ke,bi,-0.165676075
ko,po,-0.165676075
ge,pi,-0.165676075
ge,mi,-0.165676075
go,bo,-0.165676075
kju,wa,-0.165923448
gju,wa,-0.165923448
jo,hi,-0.166288094
jo,ho,-0.166288094
a,ja,-0.166666667
a,wa,-0.166666667
i,ja,-0.166666667
u,wa,-0.166666667
e,ja,-0.166666667
o,wa,-0.166666667
se,de,-0.166666667
ze,te,-0.166666667
ze,ne,-0.166666667
te,po,-0.166666667
te,bi,-0.166666667
de,pi,-0.166666667
de,bo,-0.166666667
de,mi,-0.166666667
ne,bi,-0.166666667
ne,mo,-0.166666667
pi,po,-0.166666667
bi,bo,-0.166666667
mi,mo,-0.166666667
ho,hja,-0.166923571
ko,hju,-0.167220837
ko,bjo,-0.167220837
go,mjo,-0.167220837
go,rju,-0.167220837
ka,bja,-0.168029999
ko,tjo,-0.168029999
ko,mju,-0.168029999
ga,mja,-0.168029999
go,djo,-0.168029999
he,hja,-0.168082101
ha,mja,-0.168503228
hjo,po,-0.169950819
bo,rjo,-0.169950819
kjo,zjo,-0.170633725
gjo,sjo,-0.170633725
tjo,bju,-0.171428571
djo,pju,-0.171428571
djo,mju,-0.171428571
njo,bju,-0.171428571
ho,rjo,-0.171605211
hjo,ro,-0.171605211
kja,pa,-0.172105381
kjo,bu,-0.172105381
gja,ba,-0.172105381
gjo,pu,-0.172105381
gjo,mu,-0.172105381
a,ka,-0.172673165
a,ga,-0.172673165
i,ke,-0.172673165
i,ge,-0.172673165
u,ko,-0.172673165
u,go,-0.172673165
e,ke,-0.172673165
e,ge,-0.172673165
o,ko,-0.172673165
o,go,-0.172673165
ja,ka,-0.172673165
ja,ke,-0.172673165
ja,ga,-0.172673165
ja,ge,-0.172673165
ka,ki,-0.172673165
ka,ku,-0.172673165
ka,wa,-0.172673165
ki,go,-0.172673165
ku,ge,-0.172673165
ke,gu,-0.172673165
ko,gi,-0.172673165
ko,wa,-0.172673165
ga,gi,-0.172673165
ga,gu,-0.172673165
ga,wa,-0.172673165
go,wa,-0.172673165
zo,bjo,-0.173944342
to,mjo,-0.173944342
pu,mjo,-0.173944342
gja,ha,-0.174470353
hja,wa,-0.174527723
hi,hju,-0.174871956
ho,bjo,-0.174871956
be,bjo,-0.174871956
me,mjo,-0.174871956
mjo,ro,-0.174871956
ri,rju,-0.174871956
sjo,ho,-0.175662513
tjo,ho,-0.175662513
ju,kjo,-0.175909392
ju,gjo,-0.175909392
se,re,-0.176424886
te,re,-0.176424886
ne,re,-0.176424886
ha,hu,-0.176424886
kjo,hu,-0.176803437
kjo,bo,-0.176803437
gjo,po,-0.176803437
gjo,mo,-0.176803437
gjo,ru,-0.176803437
kjo,ho,-0.176884836
gjo,ro,-0.176884836
zjo,rju,-0.177787961
djo,rju,-0.177787961
ka,pa,-0.179233486
ke,kju,-0.179233486
ke,ti,-0.179233486
ke,pu,-0.179233486
ko,bu,-0.179233486
ga,ba,-0.179233486
ge,gju,-0.179233486
ge,bu,-0.179233486
go,pu,-0.179233486
go,mu,-0.179233486
su,zjo,-0.17928651
sjo,zu,-0.17928651
ta,bja,-0.17928651
tu,djo,-0.17928651
tu,bju,-0.17928651
da,mja,-0.17928651
djo,nu,-0.17928651
na,bja,-0.17928651
nu,bju,-0.17928651
ho,wa,-0.180198925
hjo,pju,-0.180467779
bju,rjo,-0.180467779
kja,zja,-0.180555556
kjo,zju,-0.180555556
gja,sja,-0.180555556
gjo,sju,-0.180555556
sjo,bo,-0.181272371
zjo,po,-0.181272371
zjo,mo,-0.181272371
zjo,ru,-0.181272371
djo,ru,-0.181272371
hu,pju,-0.181272371
po,bju,-0.181272371
pju,bo,-0.181272371
bo,mju,-0.181272371
bja,ra,-0.181272371
bju,mo,-0.181272371
bju,ru,-0.181272371
sja,ra,-0.182473552
sju,ru,-0.182473552
tja,ra,-0.182473552
tju,po,-0.182473552
tju,ru,-0.182473552
nju,mo,-0.182473552
nju,ru,-0.182473552
so,djo,-0.183772234
sjo,do,-0.183772234
zo,tjo,-0.183772234
zo,njo,-0.183772234
zjo,to,-0.183772234
zjo,no,-0.183772234
tjo,bu,-0.183772234
djo,pu,-0.183772234
djo,mu,-0.183772234
njo,bu,-0.183772234
ke,gjo,-0.185029606
kjo,ge,-0.185029606
si,te,-0.185029606
si,pi,-0.185029606
se,zo,-0.185029606
se,ti,-0.185029606
so,ze,-0.185029606
so,po,-0.185029606
zi,de,-0.185029606
zi,bi,-0.185029606
zo,bo,-0.185029606
ti,ne,-0.185029606
ti,mi,-0.185029606
te,do,-0.185029606
te,ni,-0.185029606
to,de,-0.185029606
to,mo,-0.185029606
de,no,-0.185029606
do,ne,-0.185029606
ni,pi,-0.185029606
no,po,-0.185029606
pa,po,-0.185029606
pi,bu,-0.185029606
pu,bi,-0.185029606
pu,mo,-0.185029606
po,mu,-0.185029606
ba,bo,-0.185029606
bi,mu,-0.185029606
bu,mi,-0.185029606
ma,mo,-0.185029606
zi,re,-0.185514549
ha,pa,-0.185514549
a,ra,-0.185730319
i,pi,-0.185730319
i,bi,-0.185730319
i,mi,-0.185730319
u,hu,-0.185730319
u,ru,-0.185730319
e,se,-0.185730319
e,ze,-0.185730319
e,te,-0.185730319
e,de,-0.185730319
e,ne,-0.185730319
e,pi,-0.185730319
e,bi,-0.185730319
e,mi,-0.185730319
o,hu,-0.185730319
o,po,-0.185730319
o,bo,-0.185730319
o,mo,-0.185730319
o,ru,-0.185730319
bjo,rju,-0.186046512
hja,pa,-0.18684995
jo,rjo,-0.186887854
jo,ki,-0.186950483
jo,ku,-0.186950483
jo,gi,-0.186950483
jo,gu,-0.186950483
ka,hja,-0.187494956
o,kju,-0.188195218
o,gju,-0.188195218
ju,ke,-0.188195218
ju,ko,-0.188195218
ju,ge,-0.188195218
ju,go,-0.188195218
ko,tu,-0.189470498
sju,rjo,-0.190093368
tju,rjo,-0.190093368
nju,rjo,-0.190093368
hju,rjo,-0.190365969
hjo,rju,-0.190365969
ka,ge,-0.19047619
ka,go,-0.19047619
ke,ga,-0.19047619
ko,ga,-0.19047619
sju,tjo,-0.190964977
sjo,tju,-0.190964977
zju,djo,-0.190964977
tju,njo,-0.190964977
tjo,nju,-0.190964977
so,sju,-0.1913933
sja,pa,-0.1913933
sju,pu,-0.1913933
zo,zju,-0.1913933
zja,ba,-0.1913933
zju,bu,-0.1913933
to,tju,-0.1913933
tja,ma,-0.1913933
tju,mu,-0.1913933
no,nju,-0.1913933
nju,pu,-0.1913933
zju,bjo,-0.191842183
tju,mjo,-0.191842183
nju,hju,-0.191842183
ku,sju,-0.192079856
ku,nju,-0.192079856
gu,zju,-0.192079856
he,re,-0.192307692
jo,he,-0.193029693
hja,ra,-0.193141794
ki,bi,-0.193587061
gi,pi,-0.193587061
gi,mi,-0.193587061
ja,ju,-0.193813782
ju,wa,-0.193813782
ko,hjo,-0.194433834
go,rjo,-0.194433834
ku,rju,-0.195002859
gu,hju,-0.195002859
ju,hi,-0.195364102
sa,tja,-0.19570969
su,tju,-0.19570969
sja,ta,-0.19570969
sju,tu,-0.19570969
zja,da,-0.19570969
tu,nju,-0.19570969
tja,na,-0.19570969
tju,nu,-0.19570969
ki,pju,-0.195744468
gi,bju,-0.195744468
kju,bu,-0.196428571
gju,pu,-0.196428571
gju,mu,-0.196428571
u,hjo,-0.196605982
u,rjo,-0.196605982
e,hjo,-0.196605982
e,rjo,-0.196605982
ke,hi,-0.197592632
ke,be,-0.197592632
ge,pe,-0.197592632
ge,me,-0.197592632
ge,ri,-0.197592632
jo,sjo,-0.197628422
jo,zjo,-0.197628422
jo,tjo,-0.197628422
jo,djo,-0.197628422
jo,njo,-0.197628422
ha,hjo,-0.19792073
se,be,-0.198488655
ze,pe,-0.198488655
ze,me,-0.198488655
ze,ri,-0.198488655
de,ri,-0.198488655
hi,pi,-0.198488655
ho,po,-0.198488655
pe,mo,-0.198488655
po,me,-0.198488655
bi,ri,-0.198488655
bo,ro,-0.198488655
ra,ri,-0.198488655
ja,ki,-0.2
ja,gi,-0.2
ku,wa,-0.2
gu,wa,-0.2
sjo,pju,-0.2
zjo,bju,-0.2
tjo,mju,-0.2
njo,pju,-0.2
sa,ta,-0.2
su,tu,-0.2
za,da,-0.2
ta,na,-0.2
tu,nu,-0.2
ko,mjo,-0.200498753
ko,rju,-0.200498753
ga,rja,-0.200498753
go,hju,-0.200498753
so,rjo,-0.200607525
to,rjo,-0.200607525
no,rjo,-0.200607525
kju,hu,-0.200778126
gju,ru,-0.200778126
jo,pu,-0.201192848
jo,bu,-0.201192848
jo,mu,-0.201192848
hi,hjo,-0.201459283
ri,rjo,-0.201459283
sa,se,-0.201857603
su,se,-0.201857603
za,ze,-0.201857603
za,ra,-0.201857603
zu,ze,-0.201857603
zu,ru,-0.201857603
ta,te,-0.201857603
tu,te,-0.201857603
tu,pi,-0.201857603
tu,bo,-0.201857603
da,de,-0.201857603
da,ra,-0.201857603
na,ne,-0.201857603
nu,ne,-0.201857603
nu,bo,-0.201857603
nu,mi,-0.201857603
hjo,bo,-0.202955737
po,rjo,-0.202955737
mo,rjo,-0.202955737
ra,rjo,-0.202955737
kjo,tu,-0.203316948
sjo,rju,-0.203564924
tjo,rju,-0.203564924
njo,rju,-0.203564924
hjo,bju,-0.204136832
pju,rjo,-0.204136832
mju,rjo,-0.204136832
ja,bja,-0.204196011
ja,mja,-0.204196011
ke,pju,-0.204915555
ko,djo,-0.204915555
ge,bju,-0.204915555
go,tjo,-0.204915555
ka,mja,-0.204915555
go,njo,-0.204915555
ja,hu,-0.205372175
ha,wa,-0.205825797
ki,ti,-0.206012634
ki,pu,-0.206012634
ku,bu,-0.206012634
gi,bu,-0.206012634
gu,pu,-0.206012634
gu,mu,-0.206012634
ko,sju,-0.206027632
ko,nju,-0.206027632
ga,tja,-0.206027632
go,zju,-0.206027632
he,be,-0.207315296
pe,re,-0.207315296
me,re,-0.207315296
ho,mjo,-0.20738476
pe,bjo,-0.20738476
be,mjo,-0.20738476
bjo,me,-0.20738476
kjo,ro,-0.207657709
gjo,ho,-0.207657709
ke,gju,-0.208394078
kju,ge,-0.208394078
hju,bjo,-0.209302326
mjo,rju,-0.209302326
za,rja,-0.210654307
zu,rju,-0.210654307
tu,bjo,-0.210654307
da,rja,-0.210654307
nu,bjo,-0.210654307
kja,ba,-0.210681219
kjo,to,-0.210681219
kjo,mu,-0.210681219
gja,pa,-0.210681219
gja,ma,-0.210681219
gjo,do,-0.210681219
kjo,mo,-0.210824128
kjo,ru,-0.210824128
gja,ra,-0.210824128
gjo,hu,-0.210824128
ki,kjo,-0.211324865
gi,gjo,-0.211324865
zjo,ho,-0.211700012
tjo,pe,-0.211700012
djo,ho,-0.211700012
djo,be,-0.211700012
njo,me,-0.211700012
hu,rju,-0.212445938
hju,ru,-0.212445938
bjo,ru,-0.212445938
zju,ro,-0.212786521
si,so,-0.214285714
so,do,-0.214285714
zi,zo,-0.214285714
zi,ti,-0.214285714
zi,ni,-0.214285714
zo,to,-0.214285714
zo,no,-0.214285714
ti,to,-0.214285714
ti,pu,-0.214285714
to,bu,-0.214285714
do,pu,-0.214285714
do,mu,-0.214285714
ni,no,-0.214285714
ni,mu,-0.214285714
no,bu,-0.214285714
so,bjo,-0.214701299
zo,mjo,-0.214701299
hju,pu,-0.214701299
ba,rja,-0.214701299
bu,rju,-0.214701299
si,pe,-0.215098559
si,ri,-0.215098559
so,ro,-0.215098559
zi,be,-0.215098559
ti,me,-0.215098559
ti,ri,-0.215098559
to,be,-0.215098559
to,ro,-0.215098559
do,pe,-0.215098559
do,me,-0.215098559
ni,pe,-0.215098559
ni,ri,-0.215098559
no,be,-0.215098559
no,ro,-0.215098559
pa,be,-0.215098559
pu,be,-0.215098559
pe,ba,-0.215098559
pe,bu,-0.215098559
ba,me,-0.215098559
bu,me,-0.215098559
be,ma,-0.215098559
be,mu,-0.215098559
ku,tu,-0.215395011
e,ho,-0.215732378
e,ro,-0.215732378
ga,hja,-0.215904505
ka,gi,-0.216316743
ka,gu,-0.216316743
ki,ga,-0.216316743
ku,ga,-0.216316743
ka,kjo,-0.216526645
ke,kja,-0.216526645
ko,kja,-0.216526645
ga,gjo,-0.216526645
ge,gja,-0.216526645
go,gja,-0.216526645
sju,hjo,-0.217041771
tju,hjo,-0.217041771
ke,te,-0.217110525
ke,po,-0.217110525
ke,mi,-0.217110525
ko,hu,-0.217110525
ko,bo,-0.217110525
ge,de,-0.217110525
ge,bo,-0.217110525
go,po,-0.217110525
go,mo,-0.217110525
go,ru,-0.217110525
hja,hjo,-0.217433544
i,hju,-0.220419288
i,rju,-0.220419288
u,bjo,-0.220419288
u,mjo,-0.220419288
e,bjo,-0.220419288
e,mjo,-0.220419288
se,sjo,-0.221113324
sjo,mo,-0.221113324
sjo,ru,-0.221113324
ze,zjo,-0.221113324
te,tjo,-0.221113324
tjo,ru,-0.221113324
de,djo,-0.221113324
ne,njo,-0.221113324
njo,ru,-0.221113324
hu,bju,-0.221113324
pi,pju,-0.221113324
po,mju,-0.221113324
pju,mo,-0.221113324
pju,ru,-0.221113324
bi,bju,-0.221113324
mi,mju,-0.221113324
mja,ra,-0.221113324
mju,ru,-0.221113324
sju,bjo,-0.221190546
zju,mjo,-0.221190546
hja,ba,-0.2216444
ka,ha,-0.22182568
ke,he,-0.22182568
ge,re,-0.22182568
i,u,-0.222222222
e,o,-0.222222222
se,ne,-0.222222222
se,pi,-0.222222222
ze,bi,-0.222222222
te,bo,-0.222222222
te,mi,-0.222222222
de,po,-0.222222222
de,mo,-0.222222222
ne,pi,-0.222222222
ne,bo,-0.222222222
pi,bo,-0.222222222
po,bi,-0.222222222
bi,mo,-0.222222222
bo,mi,-0.222222222
ra,ru,-0.222222222
hi,hja,-0.222436309
se,he,-0.222649902
te,he,-0.222649902
ha,ra,-0.222649902
he,pi,-0.222649902
bi,re,-0.222649902
ki,hi,-0.222839069
gi,ri,-0.222839069
sju,djo,-0.223494979
zju,tjo,-0.223494979
zju,njo,-0.223494979
zjo,tju,-0.223494979
zjo,nju,-0.223494979
hu,hja,-0.223827615
gju,bjo,-0.224890538
ko,rjo,-0.224990451
go,hjo,-0.224990451
kju,tu,-0.225324867
ju,pu,-0.227227637
ju,bu,-0.227227637
ju,mu,-0.227227637
hi,pe,-0.227272727
hi,ri,-0.227272727
ho,ro,-0.227272727
be,ri,-0.227272727
hjo,mju,-0.227805886
e,ju,-0.227834473
o,ju,-0.227834473
sju,hu,-0.227834473
tju,hu,-0.227834473
tju,bo,-0.227834473
nju,bo,-0.227834473
sjo,bju,-0.228571429
zjo,pju,-0.228571429
zjo,mju,-0.228571429
so,njo,-0.228947629
sjo,no,-0.228947629
sjo,pu,-0.228947629
zjo,bu,-0.228947629
to,pju,-0.228947629
tjo,mu,-0.228947629
do,bju,-0.228947629
no,mju,-0.228947629
njo,pu,-0.228947629
sjo,hju,-0.229341887
tjo,hju,-0.229341887
ki,bju,-0.229550638
gi,pju,-0.229550638
gi,mju,-0.229550638
zu,ro,-0.230320055
ta,pe,-0.230320055
tu,pe,-0.230320055
da,be,-0.230320055
na,me,-0.230320055
nu,me,-0.230320055
ki,tju,-0.230569874
ku,zju,-0.230569874
gu,sju,-0.230569874
he,hju,-0.230833128
re,rja,-0.230833128
re,rju,-0.230833128
kju,mu,-0.232142857
kju,ru,-0.232275165
gju,hu,-0.232275165
hju,mjo,-0.23255814
a,pa,-0.232738758
a,ba,-0.232738758
a,ma,-0.232738758
i,kju,-0.232738758
i,gju,-0.232738758
i,si,-0.232738758
i,zi,-0.232738758
i,ti,-0.232738758
i,ni,-0.232738758
u,pu,-0.232738758
u,bu,-0.232738758
u,mu,-0.232738758
e,si,-0.232738758
e,zi,-0.232738758
e,ti,-0.232738758
e,ni,-0.232738758
o,so,-0.232738758
o,zo,-0.232738758
o,to,-0.232738758
o,do,-0.232738758
o,no,-0.232738758
o,pu,-0.232738758
o,bu,-0.232738758
o,mu,-0.232738758
su,tjo,-0.232738758
su,pju,-0.232738758
sjo,tu,-0.232738758
za,bja,-0.232738758
zu,djo,-0.232738758
zu,bju,-0.232738758
ta,mja,-0.232738758
tu,njo,-0.232738758
tu,mju,-0.232738758
tjo,nu,-0.232738758
nu,pju,-0.232738758
ja,hju,-0.233127502
ja,rja,-0.233127502
ja,ho,-0.233499105
ka,rja,-0.23377667
ge,bjo,-0.23377667
zu,rjo,-0.234315534
zjo,re,-0.234802582
djo,re,-0.234802582
hu,rjo,-0.235960655
hjo,mo,-0.235960655
hjo,ru,-0.235960655
jo,pi,-0.236476862
jo,po,-0.236476862
jo,bi,-0.236476862
jo,bo,-0.236476862
jo,mi,-0.236476862
jo,mo,-0.236476862
jo,ru,-0.236476862
ka,kju,-0.23755467
ka,ba,-0.23755467
ke,pa,-0.23755467
ke,bu,-0.23755467
ko,to,-0.23755467
ko,mu,-0.23755467
ga,gju,-0.23755467
ga,pa,-0.23755467
ga,ma,-0.23755467
ge,ti,-0.23755467
ge,ni,-0.23755467
ge,pu,-0.23755467
ge,ba,-0.23755467
ge,mu,-0.23755467
go,do,-0.23755467
si,re,-0.237928791
zo,re,-0.237928791
ti,re,-0.237928791
do,re,-0.237928791
ni,re,-0.237928791
ha,ba,-0.237928791
he,pa,-0.237928791
so,hjo,-0.238031584
to,hjo,-0.238031584
hjo,pu,-0.238031584
bu,rjo,-0.238031584
i,he,-0.23851182
i,re,-0.23851182
pe,mjo,-0.239897564
ro,rja,-0.239897564
ki,gjo,-0.240192379
kjo,gi,-0.240192379
ki,mi,-0.240727514
ku,hu,-0.240727514
gu,ru,-0.240727514
ke,bju,-0.24180111
ko,sjo,-0.24180111
ko,njo,-0.24180111
ge,pju,-0.24180111
ge,mju,-0.24180111
go,zjo,-0.24180111
ju,hjo,-0.242752122
so,zju,-0.24282775
sja,ba,-0.24282775
sju,zo,-0.24282775
sju,bu,-0.24282775
zja,pa,-0.24282775
zja,ma,-0.24282775
zju,pu,-0.24282775
zju,mu,-0.24282775
tju,do,-0.24282775
do,nju,-0.24282775
zju,hjo,-0.243990174
ke,me,-0.244116842
ke,ri,-0.244116842
ko,ho,-0.244116842
ge,hi,-0.244116842
go,ro,-0.244116842
kja,ra,-0.244844818
kju,bjo,-0.245269017
gju,mjo,-0.245269017
i,pju,-0.246453724
i,bju,-0.246453724
i,mju,-0.246453724
u,sjo,-0.246453724
u,zjo,-0.246453724
u,tjo,-0.246453724
u,djo,-0.246453724
u,njo,-0.246453724
e,sjo,-0.246453724
e,zjo,-0.246453724
e,tjo,-0.246453724
e,djo,-0.246453724
e,njo,-0.246453724
sa,so,-0.246453724
sa,pa,-0.246453724
si,zu,-0.246453724
su,zi,-0.246453724
su,to,-0.246453724
su,pu,-0.246453724
so,tu,-0.246453724
za,zo,-0.246453724
za,ba,-0.246453724
zu,do,-0.246453724
zu,bu,-0.246453724
ta,to,-0.246453724
ta,ma,-0.246453724
tu,no,-0.246453724
tu,mu,-0.246453724
to,nu,-0.246453724
da,do,-0.246453724
na,no,-0.246453724
na,pa,-0.246453724
nu,pu,-0.246453724
pju,wa,-0.246453724
bja,wa,-0.246453724
bju,wa,-0.246453724
mja,wa,-0.246453724
mju,wa,-0.246453724
gju,rjo,-0.247387599
kju,hjo,-0.247387599
tjo,be,-0.24773751
djo,pe,-0.24773751
djo,me,-0.24773751
njo,ho,-0.24773751
njo,be,-0.24773751
ho,pju,-0.24773751
bju,ro,-0.24773751
ka,gjo,-0.248023685
ka,sja,-0.248023685
ke,gja,-0.248023685
ke,tju,-0.248023685
ko,gja,-0.248023685
ko,zju,-0.248023685
kja,ge,-0.248023685
kja,go,-0.248023685
kjo,ga,-0.248023685
ga,zja,-0.248023685
go,sju,-0.248023685
si,de,-0.248023685
si,bi,-0.248023685
se,to,-0.248023685
so,te,-0.248023685
so,bo,-0.248023685
zi,te,-0.248023685
zi,ne,-0.248023685
zi,pi,-0.248023685
zi,mi,-0.248023685
ze,ti,-0.248023685
ze,do,-0.248023685
ze,ni,-0.248023685
zo,de,-0.248023685
zo,po,-0.248023685
zo,mo,-0.248023685
zo,ru,-0.248023685
ti,po,-0.248023685
te,no,-0.248023685
te,pa,-0.248023685
te,pu,-0.248023685
to,ne,-0.248023685
to,pi,-0.248023685
de,ba,-0.248023685
de,bu,-0.248023685
do,bi,-0.248023685
do,ru,-0.248023685
ni,mo,-0.248023685
ne,ma,-0.248023685
ne,mu,-0.248023685
no,mi,-0.248023685
hu,pu,-0.248023685
pa,pi,-0.248023685
pa,bo,-0.248023685
pi,mu,-0.248023685
pu,mi,-0.248023685
po,ba,-0.248023685
ba,bi,-0.248023685
ba,mo,-0.248023685
ba,ra,-0.248023685
bu,ru,-0.248023685
bo,ma,-0.248023685
ma,mi,-0.248023685
de,bjo,-0.248390196
ne,mjo,-0.248390196
hu,bjo,-0.248390196
bi,bjo,-0.248390196
mi,mjo,-0.248390196
mjo,ru,-0.248390196
se,me,-0.248740546
se,ri,-0.248740546
ze,ro,-0.248740546
te,ri,-0.248740546
de,ro,-0.248740546
ne,ri,-0.248740546
hi,bi,-0.248740546
ho,bo,-0.248740546
pi,ri,-0.248740546
po,ro,-0.248740546
mi,ri,-0.248740546
mo,ro,-0.248740546
kja,ta,-0.248960494
gja,da,-0.248960494
gjo,tu,-0.248960494
gjo,nu,-0.248960494
hi,re,-0.249127397
he,me,-0.249127397
he,ri,-0.249127397
kja,ma,-0.249257056
kjo,do,-0.249257056
gjo,to,-0.249257056
gjo,no,-0.249257056
kja,kjo,-0.25
gja,gjo,-0.25
sju,mjo,-0.25053891
sa,ha,-0.251930531
ta,ha,-0.251930531
sa,hja,-0.252983909
ta,hja,-0.252983909
sju,ro,-0.253817018
tju,ro,-0.253817018
nju,ro,-0.253817018
rja,rjo,-0.254428182
ja,hjo,-0.254950985
zjo,hju,-0.25511885
djo,hju,-0.25511885
so,mjo,-0.255458256
hju,bu,-0.255458256
pa,rja,-0.255458256
pu,rju,-0.255458256
ba,bjo,-0.255458256
ma,mjo,-0.255458256
ma,rja,-0.255458256
mu,rju,-0.255458256
ki,hju,-0.256002287
gi,rju,-0.256002287
gu,bjo,-0.256002287
sju,njo,-0.256024982
sjo,nju,-0.256024982
hja,ma,-0.25643885
sja,da,-0.256567752
za,tja,-0.256567752
zu,tju,-0.256567752
zu,nju,-0.256567752
zja,ta,-0.256567752
zja,na,-0.256567752
zju,tu,-0.256567752
zju,nu,-0.256567752
sjo,mju,-0.257142857
ka,ta,-0.258477054
ke,tu,-0.258477054
ga,da,-0.258477054
go,tu,-0.258477054
go,nu,-0.258477054
zu,bjo,-0.258878589
sa,rja,-0.258878589
su,rju,-0.258878589
ta,rja,-0.258878589
tu,mjo,-0.258878589
tu,rju,-0.258878589
na,rja,-0.258878589
nu,rju,-0.258878589
ja,sja,-0.259437388
ja,zja,-0.259437388
ja,tja,-0.259437388
ju,pi,-0.259437388
ju,bi,-0.259437388
ju,mi,-0.259437388
ju,ru,-0.259437388
e,kjo,-0.259437388
e,gjo,-0.259437388
ki,bu,-0.259464882
ku,mu,-0.259464882
gi,ti,-0.259464882
gi,ni,-0.259464882
gi,pu,-0.259464882
gi,mu,-0.259464882
he,rja,-0.260740558
bjo,re,-0.260740558
se,zjo,-0.260954278
sjo,ze,-0.260954278
sjo,hu,-0.260954278
te,djo,-0.260954278
tjo,de,-0.260954278
tjo,hu,-0.260954278
de,njo,-0.260954278
djo,ne,-0.260954278
hu,mju,-0.260954278
pi,bju,-0.260954278
pju,bi,-0.260954278
bi,mju,-0.260954278
bju,mi,-0.260954278
jo,pe,-0.261634353
jo,be,-0.261634353
jo,me,-0.261634353
jo,ri,-0.261634353
jo,ro,-0.261634353
kju,tjo,-0.262829175
gju,djo,-0.262829175
ki,mju,-0.263356809
i,hu,-0.26429774
i,ru,-0.26429774
e,hu,-0.26429774
e,po,-0.26429774
e,bo,-0.26429774
e,mo,-0.26429774
e,ra,-0.26429774
e,ru,-0.26429774
ke,re,-0.264621729
ga,ha,-0.264621729
ge,he,-0.264621729
ki,pe,-0.265479212
ki,ri,-0.265479212
gi,hi,-0.265479212
gi,be,-0.265479212
kju,mjo,-0.265647496
kju,rjo,-0.266099629
gju,hjo,-0.266099629
i,ku,-0.266666667
i,gu,-0.266666667
u,ki,-0.266666667
u,gi,-0.266666667
e,ki,-0.266666667
e,gi,-0.266666667
o,ku,-0.266666667
o,gu,-0.266666667
ka,gju,-0.266715263
kju,ga,-0.266715263
ke,hju,-0.267054586
ke,bjo,-0.267054586
ge,mjo,-0.267054586
ge,rju,-0.267054586
gju,tu,-0.26758258
gju,nu,-0.26758258
sjo,re,-0.26795226
tjo,re,-0.26795226
njo,re,-0.26795226
he,bja,-0.26795226
ke,de,-0.268544975
ke,hu,-0.268544975
ke,bo,-0.268544975
ko,pi,-0.268544975
ko,mo,-0.268544975
ko,ru,-0.268544975
ga,ra,-0.268544975
ge,te,-0.268544975
ge,ne,-0.268544975
ge,po,-0.268544975
ge,mo,-0.268544975
ge,ru,-0.268544975
go,hu,-0.268544975
go,bi,-0.268544975
ze,he,-0.268874918
de,he,-0.268874918
he,po,-0.268874918
he,bi,-0.268874918
he,ra,-0.268874918
pi,re,-0.268874918
bo,re,-0.268874918
mi,re,-0.268874918
ki,kja,-0.269059892
ku,kja,-0.269059892
gi,gja,-0.269059892
gi,tju,-0.269059892
gi,nju,-0.269059892
gu,gja,-0.269059892
kja,gjo,-0.270833333
kjo,gja,-0.270833333
nju,hjo,-0.270938576
e,hju,-0.271252145
e,rja,-0.271252145
e,rju,-0.271252145
bjo,wa,-0.271252145
mjo,wa,-0.271252145
rja,wa,-0.271252145
rju,wa,-0.271252145
si,hi,-0.272078847
si,be,-0.272078847
so,ho,-0.272078847
so,pe,-0.272078847
zi,pe,-0.272078847
zi,me,-0.272078847
zo,be,-0.272078847
ti,hi,-0.272078847
to,ho,-0.272078847
to,me,-0.272078847
no,pe,-0.272078847
ho,pa,-0.272078847
ho,pu,-0.272078847
pa,me,-0.272078847
pu,me,-0.272078847
pe,ma,-0.272078847
pe,mu,-0.272078847
bu,ro,-0.272078847
ho,rja,-0.272410369
ho,rju,-0.272410369
hju,ro,-0.272410369
hi,be,-0.272727273
ho,pe,-0.272727273
pe,ri,-0.272727273
be,ro,-0.272727273
me,ri,-0.272727273
sju,po,-0.273195394
zju,hu,-0.273195394
zju,bo,-0.273195394
tju,pi,-0.273195394
tju,mo,-0.273195394
nju,po,-0.273195394
nju,mi,-0.273195394
sja,he,-0.273544593
tja,he,-0.273544593
sjo,bu,-0.274123024
zjo,pu,-0.274123024
zjo,mu,-0.274123024
to,bju,-0.274123024
do,pju,-0.274123024
do,mju,-0.274123024
no,bju,-0.274123024
zo,hjo,-0.275455643
do,hjo,-0.275455643
hjo,bu,-0.275455643
pu,rjo,-0.275455643
mu,rjo,-0.275455643
i,sju,-0.275474895
i,zju,-0.275474895
i,tju,-0.275474895
i,nju,-0.275474895
hjo,rja,-0.275782254
sa,ze,-0.276393202
sa,ra,-0.276393202
su,ze,-0.276393202
su,po,-0.276393202
su,ru,-0.276393202
se,za,-0.276393202
se,zu,-0.276393202
zu,bo,-0.276393202
ta,de,-0.276393202
ta,po,-0.276393202
ta,ra,-0.276393202
tu,de,-0.276393202
tu,bi,-0.276393202
tu,mo,-0.276393202
tu,ru,-0.276393202
te,da,-0.276393202
da,ne,-0.276393202
da,bo,-0.276393202
de,na,-0.276393202
de,nu,-0.276393202
na,mo,-0.276393202
na,ra,-0.276393202
nu,po,-0.276393202
nu,bi,-0.276393202
nu,ru,-0.276393202
se,po,-0.277777778
se,bi,-0.277777778
ze,pi,-0.277777778
ze,bo,-0.277777778
ze,mi,-0.277777778
te,mo,-0.277777778
ne,po,-0.277777778
hu,po,-0.277777778
hu,ru,-0.277777778
pi,mo,-0.277777778
po,mi,-0.277777778
bo,ru,-0.277777778
su,rjo,-0.278596279
tu,rjo,-0.278596279
nu,rjo,-0.278596279
ki,tu,-0.278640564
gu,tu,-0.278640564
gu,nu,-0.278640564
ke,tjo,-0.278686666
ke,mju,-0.278686666
ko,zjo,-0.278686666
ge,djo,-0.278686666
ge,bja,-0.278686666
go,sjo,-0.278686666
he,rjo,-0.280305985
hjo,re,-0.280305985
jo,re,-0.280735495
njo,hju,-0.280895814
ja,ko,-0.28178211
ja,go,-0.28178211
ke,wa,-0.28178211
ge,wa,-0.28178211
ju,bjo,-0.282099518
ju,mjo,-0.282099518
ju,ho,-0.28240293
ju,ri,-0.28240293
ja,kjo,-0.283493649
ja,gjo,-0.283493649
sjo,pe,-0.283775009
zjo,be,-0.283775009
tjo,me,-0.283775009
njo,pe,-0.283775009
ho,bja,-0.283775009
ho,bju,-0.283775009
pe,pju,-0.283775009
pju,ro,-0.283775009
be,bja,-0.283775009
be,bju,-0.283775009
me,mja,-0.283775009
me,mju,-0.283775009
mju,ro,-0.283775009
te,bjo,-0.284334454
de,mjo,-0.284334454
ne,bjo,-0.284334454
hu,mjo,-0.284334454
hju,po,-0.284334454
pi,bjo,-0.284334454
bi,mjo,-0.284334454
bo,rju,-0.284334454
bjo,mi,-0.284334454
kju,djo,-0.285416873
gju,tjo,-0.285416873
gju,njo,-0.285416873
si,zo,-0.285714286
si,ni,-0.285714286
so,zi,-0.285714286
so,no,-0.285714286
so,pu,-0.285714286
zo,bu,-0.285714286
ti,do,-0.285714286
ti,bu,-0.285714286
to,pa,-0.285714286
to,mu,-0.285714286
do,ni,-0.285714286
do,ba,-0.285714286
ni,bu,-0.285714286
no,pu,-0.285714286
no,ma,-0.285714286
pa,pu,-0.285714286
ba,bu,-0.285714286
ma,mu,-0.285714286
ke,hjo,-0.286103684
ge,rjo,-0.286103684
sa,bja,-0.286191006
su,djo,-0.286191006
su,bju,-0.286191006
za,mja,-0.286191006
zu,tjo,-0.286191006
zu,njo,-0.286191006
zu,pju,-0.286191006
zu,mju,-0.286191006
zjo,tu,-0.286191006
zjo,nu,-0.286191006
ki,rju,-0.286502002
ku,bjo,-0.286502002
gi,hju,-0.286502002
gu,mjo,-0.286502002
a,ho,-0.286799284
i,pe,-0.286799284
i,be,-0.286799284
i,me,-0.286799284
u,ho,-0.286799284
u,ro,-0.286799284
hi,wa,-0.286799284
kjo,so,-0.287832894
kjo,no,-0.287832894
gjo,zo,-0.287832894
jo,su,-0.287867966
jo,zu,-0.287867966
jo,tu,-0.287867966
jo,nu,-0.287867966
ki,hu,-0.287867966
ku,pi,-0.287867966
ku,po,-0.287867966
ku,ru,-0.287867966
gi,ru,-0.287867966
gu,hu,-0.287867966
gu,bi,-0.287867966
gu,bo,-0.287867966
a,sa,-0.289181489
a,za,-0.289181489
a,ta,-0.289181489
a,da,-0.289181489
a,na,-0.289181489
u,su,-0.289181489
u,zu,-0.289181489
u,tu,-0.289181489
u,nu,-0.289181489
o,su,-0.289181489
o,zu,-0.289181489
o,tu,-0.289181489
o,nu,-0.289181489
a,hjo,-0.289957987
rjo,wa,-0.289957987
ka,zja,-0.290019737
ga,sja,-0.290019737
ge,tju,-0.290019737
ge,nju,-0.290019737
si,he,-0.290343033
so,re,-0.290343033
ti,he,-0.290343033
to,re,-0.290343033
no,re,-0.290343033
ha,ma,-0.290343033
he,ba,-0.290343033
ke,ho,-0.290641053
ko,pe,-0.290641053
ko,ro,-0.290641053
ge,ro,-0.290641053
go,ho,-0.290641053
go,be,-0.290641053
ha,hju,-0.290647988
he,bjo,-0.290647988
mjo,re,-0.290647988
he,ro,-0.290939497
ho,re,-0.290939497
hjo,pe,-0.291021498
be,rjo,-0.291021498
za,hja,-0.294153258
da,hja,-0.294153258
si,sju,-0.2942622
so,tju,-0.2942622
sja,ma,-0.2942622
sju,to,-0.2942622
sju,mu,-0.2942622
zi,zju,-0.2942622
zju,do,-0.2942622
ti,tju,-0.2942622
to,nju,-0.2942622
tju,no,-0.2942622
ni,nju,-0.2942622
kja,da,-0.294604041
kjo,su,-0.294604041
kjo,nu,-0.294604041
gja,ta,-0.294604041
gja,na,-0.294604041
gjo,zu,-0.294604041
sja,ho,-0.294847515
sju,ho,-0.294847515
zju,ri,-0.294847515
tja,ho,-0.294847515
tju,ho,-0.294847515
kju,po,-0.295269244
gju,bo,-0.295269244
ka,ma,-0.295875855
ke,si,-0.295875855
ke,to,-0.295875855
ke,ni,-0.295875855
ke,ba,-0.295875855
ke,mu,-0.295875855
ko,do,-0.295875855
ko,pa,-0.295875855
ge,zi,-0.295875855
ge,do,-0.295875855
ge,pa,-0.295875855
ge,ma,-0.295875855
go,to,-0.295875855
go,no,-0.295875855
go,ba,-0.295875855
zo,rju,-0.296215214
do,rju,-0.296215214
hju,mu,-0.296215214
pa,bjo,-0.296215214
ba,mjo,-0.296215214
bjo,ma,-0.296215214
ku,tjo,-0.297162979
gu,djo,-0.297162979
su,ro,-0.297740041
zu,ri,-0.297740041
ta,be,-0.297740041
tu,be,-0.297740041
tu,ro,-0.297740041
da,pe,-0.297740041
da,me,-0.297740041
na,be,-0.297740041
nu,be,-0.297740041
nu,ro,-0.297740041
ki,gja,-0.297927406
ku,gja,-0.297927406
kja,gi,-0.297927406
kja,gu,-0.297927406
hjo,bja,-0.298813046
se,hi,-0.298992437
se,ro,-0.298992437
te,hi,-0.298992437
te,ro,-0.298992437
ne,ro,-0.298992437
hi,mi,-0.298992437
hu,ro,-0.298992437
ho,mo,-0.298992437
ho,ra,-0.298992437
ho,ru,-0.298992437
ja,kju,-0.299554069
ja,gju,-0.299554069
ja,pa,-0.299554069
ja,ba,-0.299554069
ja,ma,-0.299554069
ju,he,-0.299839808
ju,rjo,-0.299918317
kja,ho,-0.299976327
kjo,pe,-0.299976327
gjo,be,-0.299976327
ja,ku,-0.3
ja,gu,-0.3
ki,wa,-0.3
gi,wa,-0.3
sa,da,-0.3
za,ta,-0.3
za,na,-0.3
zu,tu,-0.3
zu,nu,-0.3
ke,mjo,-0.300332502
ke,rju,-0.300332502
ge,hju,-0.300332502
se,tjo,-0.300795232
sjo,te,-0.300795232
ze,djo,-0.300795232
zjo,de,-0.300795232
zjo,hu,-0.300795232
te,njo,-0.300795232
tjo,ne,-0.300795232
tjo,pi,-0.300795232
djo,hu,-0.300795232
djo,bi,-0.300795232
njo,mi,-0.300795232
pi,mju,-0.300795232
pju,mi,-0.300795232
bo,bja,-0.300795232
mo,mja,-0.300795232
sjo,he,-0.301101937
tjo,he,-0.301101937
he,mja,-0.301101937
ze,rjo,-0.301970491
de,rjo,-0.301970491
hjo,ra,-0.301970491
e,pju,-0.302797341
e,bja,-0.302797341
e,bju,-0.302797341
e,mja,-0.302797341
e,mju,-0.302797341
a,he,-0.303883865
e,ha,-0.303883865
o,he,-0.303883865
o,re,-0.303883865
he,wa,-0.303883865
ku,hjo,-0.303960788
gu,rjo,-0.303960788
e,hja,-0.304716634
ri,rja,-0.304923173
ju,su,-0.306350833
ju,zu,-0.306350833
ju,tu,-0.306350833
ju,nu,-0.306350833
bja,bjo,-0.306672777
mja,mjo,-0.306672777
su,hju,-0.307102871
su,bjo,-0.307102871
zu,mjo,-0.307102871
tu,hju,-0.307102871
kja,kju,-0.307120813
gja,gju,-0.307120813
i,kjo,-0.30754991
i,gjo,-0.30754991
ki,sju,-0.30754991
ki,nju,-0.30754991
gi,zju,-0.30754991
sja,wa,-0.30754991
sju,wa,-0.30754991
zja,wa,-0.30754991
zju,wa,-0.30754991
tja,wa,-0.30754991
tju,wa,-0.30754991
nju,wa,-0.30754991
kja,hjo,-0.30799263
kju,sjo,-0.308004571
kju,njo,-0.308004571
gju,zjo,-0.308004571
ki,be,-0.308119355
gi,pe,-0.308119355
gi,me,-0.308119355
kju,su,-0.309840293
kju,nu,-0.309840293
gju,zu,-0.309840293
si,ne,-0.311017763
si,mi,-0.311017763
se,do,-0.311017763
se,ni,-0.311017763
so,de,-0.311017763
so,mo,-0.311017763
so,ru,-0.311017763
zi,ru,-0.311017763
ze,to,-0.311017763
ze,no,-0.311017763
zo,te,-0.311017763
zo,ne,-0.311017763
ti,bo,-0.311017763
te,ba,-0.311017763
te,bu,-0.311017763
to,bi,-0.311017763
to,ru,-0.311017763
de,pa,-0.311017763
de,pu,-0.311017763
de,ma,-0.311017763
de,mu,-0.311017763
do,pi,-0.311017763
do,mi,-0.311017763
ni,bo,-0.311017763
ne,ba,-0.311017763
ne,bu,-0.311017763
no,bi,-0.311017763
no,ru,-0.311017763
hu,bu,-0.311017763
pa,bi,-0.311017763
pa,mo,-0.311017763
pa,ra,-0.311017763
pi,ba,-0.311017763
pu,ru,-0.311017763
po,ma,-0.311017763
ba,mi,-0.311017763
bi,ma,-0.311017763
ma,ra,-0.311017763
mu,ru,-0.311017763
zja,he,-0.311287161
hja,hju,-0.311390583
no,hjo,-0.312879703
hjo,pa,-0.312879703
hjo,mu,-0.312879703
kja,hu,-0.3128862
kjo,pi,-0.3128862
gjo,bi,-0.3128862
ki,si,-0.312917131
ki,ni,-0.312917131
ki,mu,-0.312917131
gi,zi,-0.312917131
sa,he,-0.313947898
za,ha,-0.313947898
za,re,-0.313947898
zu,re,-0.313947898
ta,he,-0.313947898
da,ha,-0.313947898
da,re,-0.313947898
kju,ho,-0.314814063
gju,ro,-0.314814063
ne,he,-0.315099935
he,bo,-0.315099935
he,mi,-0.315099935
po,re,-0.315099935
mo,re,-0.315099935
ke,djo,-0.315572222
ke,bja,-0.315572222
ge,tjo,-0.315572222
ge,njo,-0.315572222
ge,mja,-0.315572222
go,bja,-0.315572222
kja,he,-0.316004982
kjo,he,-0.316004982
gjo,re,-0.316004982
ke,rjo,-0.316660301
ge,hjo,-0.316660301
ku,mjo,-0.317001716
gjo,bja,-0.317018736
su,nju,-0.317425814
sja,na,-0.317425814
sju,nu,-0.317425814
i,ko,-0.318151758
i,go,-0.318151758
u,ke,-0.318151758
u,ge,-0.318151758
e,ko,-0.318151758
e,go,-0.318151758
o,ke,-0.318151758
o,ge,-0.318151758
hi,me,-0.318181818
ho,be,-0.318181818
pe,ro,-0.318181818
me,ro,-0.318181818
sju,bo,-0.318556315
zju,po,-0.318556315
zju,mo,-0.318556315
tju,bi,-0.318556315
nju,hu,-0.318556315
nju,bi,-0.318556315
si,sjo,-0.319298419
so,pju,-0.319298419
sjo,mu,-0.319298419
zi,zjo,-0.319298419
zo,bju,-0.319298419
ti,tjo,-0.319298419
ti,pju,-0.319298419
to,mju,-0.319298419
tjo,pa,-0.319298419
djo,ba,-0.319298419
ni,njo,-0.319298419
ni,mju,-0.319298419
no,pju,-0.319298419
njo,ma,-0.319298419
sjo,be,-0.319812507
zjo,pe,-0.319812507
zjo,me,-0.319812507
zjo,ri,-0.319812507
djo,ri,-0.319812507
hi,pju,-0.319812507
ho,mja,-0.319812507
ho,mju,-0.319812507
pe,bja,-0.319812507
pe,bju,-0.319812507
pju,be,-0.319812507
be,mja,-0.319812507
be,mju,-0.319812507
bja,me,-0.319812507
bju,me,-0.319812507
bju,ri,-0.319812507
ka,hu,-0.319979425
ka,ra,-0.319979425
ke,se,-0.319979425
ke,ne,-0.319979425
ke,mo,-0.319979425
ke,ru,-0.319979425
ko,bi,-0.319979425
ge,ze,-0.319979425
ge,hu,-0.319979425
ge,ra,-0.319979425
go,pi,-0.319979425
go,mi,-0.319979425
ze,bjo,-0.320278711
te,mjo,-0.320278711
hju,bo,-0.320278711
pi,mjo,-0.320278711
po,rju,-0.320278711
mo,rju,-0.320278711
ra,rju,-0.320278711
ru,rja,-0.320278711
he,mjo,-0.320555419
jo,si,-0.320715709
jo,so,-0.320715709
jo,zi,-0.320715709
jo,zo,-0.320715709
jo,ti,-0.320715709
jo,to,-0.320715709
jo,do,-0.320715709
jo,ni,-0.320715709
jo,no,-0.320715709
hjo,be,-0.32087557
pe,rjo,-0.32087557
me,rjo,-0.32087557
i,pu,-0.321825839
i,bu,-0.321825839
i,mu,-0.321825839
e,so,-0.321825839
e,zo,-0.321825839
e,to,-0.321825839
e,do,-0.321825839
e,no,-0.321825839
e,pa,-0.321825839
e,pu,-0.321825839
e,ba,-0.321825839
e,bu,-0.321825839
e,ma,-0.321825839
e,mu,-0.321825839
o,rja,-0.322085001
hjo,mja,-0.322482099
su,hjo,-0.322877023
tu,hjo,-0.322877023
ja,pi,-0.323223305
ja,bi,-0.323223305
ja,mi,-0.323223305
ja,ra,-0.323223305
ki,he,-0.323495478
gi,re,-0.323495478
sja,hjo,-0.324835382
tja,hjo,-0.324835382
kja,gju,-0.326408731
kju,gja,-0.326408731
kjo,zo,-0.326408731
kjo,pa,-0.326408731
gjo,so,-0.326408731
gjo,ba,-0.326408731
kju,pi,-0.326766283
kju,bo,-0.326766283
gju,po,-0.326766283
gju,bi,-0.326766283
gju,mo,-0.326766283
ju,sjo,-0.32748361
ju,zjo,-0.32748361
ju,tjo,-0.32748361
ju,djo,-0.32748361
ju,njo,-0.32748361
ka,da,-0.32748361
ke,ta,-0.32748361
ko,su,-0.32748361
ko,nu,-0.32748361
ga,ta,-0.32748361
ga,na,-0.32748361
ge,tu,-0.32748361
ge,da,-0.32748361
ge,nu,-0.32748361
go,zu,-0.32748361
gja,hjo,-0.328203932
si,me,-0.329059135
so,be,-0.329059135
zi,hi,-0.329059135
zi,ro,-0.329059135
zo,ho,-0.329059135
zo,pe,-0.329059135
zo,me,-0.329059135
zo,ri,-0.329059135
do,ho,-0.329059135
do,ri,-0.329059135
hi,pa,-0.329059135
hi,pu,-0.329059135
ho,ba,-0.329059135
ho,bu,-0.329059135
pu,ro,-0.329059135
bu,ri,-0.329059135
mu,ro,-0.329059135
kju,zjo,-0.330592268
gju,sjo,-0.330592268
kja,hi,-0.3307492
kjo,hi,-0.3307492
kjo,be,-0.3307492
gja,ho,-0.3307492
gjo,pe,-0.3307492
gjo,me,-0.3307492
gjo,ri,-0.3307492
ku,djo,-0.330969149
gu,tjo,-0.330969149
gu,njo,-0.330969149
sa,si,-0.330969149
sa,zo,-0.330969149
sa,ba,-0.330969149
si,tu,-0.330969149
su,ti,-0.330969149
su,do,-0.330969149
su,bu,-0.330969149
so,za,-0.330969149
sjo,wa,-0.330969149
za,zi,-0.330969149
za,pa,-0.330969149
za,ma,-0.330969149
zu,to,-0.330969149
zu,no,-0.330969149
zu,pu,-0.330969149
zu,mu,-0.330969149
zo,tu,-0.330969149
zo,nu,-0.330969149
zjo,wa,-0.330969149
ta,ti,-0.330969149
ta,do,-0.330969149
ti,nu,-0.330969149
tu,ni,-0.330969149
to,da,-0.330969149
tjo,wa,-0.330969149
da,no,-0.330969149
do,na,-0.330969149
djo,wa,-0.330969149
na,ni,-0.330969149
njo,wa,-0.330969149
ku,rjo,-0.33196639
gu,hjo,-0.33196639
ke,sju,-0.33201579
ke,tja,-0.33201579
ke,nju,-0.33201579
ge,zju,-0.33201579
bja,mjo,-0.33244974
bjo,mja,-0.33244974
a,e,-0.333333333
a,o,-0.333333333
i,o,-0.333333333
i,wa,-0.333333333
u,e,-0.333333333
u,ja,-0.333333333
e,wa,-0.333333333
o,ja,-0.333333333
se,bo,-0.333333333
se,mi,-0.333333333
ze,po,-0.333333333
ze,mo,-0.333333333
ze,ra,-0.333333333
ze,ru,-0.333333333
de,ra,-0.333333333
de,ru,-0.333333333
hu,pi,-0.333333333
hu,bo,-0.333333333
po,ru,-0.333333333
bi,ru,-0.333333333
mo,ru,-0.333333333
ka,hju,-0.333610419
ge,rja,-0.333610419
zjo,he,-0.334251614
djo,he,-0.334251614
kja,hju,-0.334915455
gjo,rja,-0.334915455
se,rjo,-0.33497541
te,rjo,-0.33497541
ne,rjo,-0.33497541
ki,te,-0.335008418
ki,po,-0.335008418
ki,ru,-0.335008418
ku,bi,-0.335008418
ku,bo,-0.335008418
gi,de,-0.335008418
gi,hu,-0.335008418
gi,bo,-0.335008418
gu,pi,-0.335008418
gu,po,-0.335008418
gu,mi,-0.335008418
gu,mo,-0.335008418
na,hja,-0.335322606
sju,ri,-0.335878012
zja,ho,-0.335878012
zju,ho,-0.335878012
tja,pe,-0.335878012
tju,pe,-0.335878012
tju,ri,-0.335878012
nju,me,-0.335878012
nju,ri,-0.335878012
ju,si,-0.336336582
ju,zi,-0.336336582
ju,ti,-0.336336582
ju,ni,-0.336336582
i,hjo,-0.33663399
i,rjo,-0.33663399
so,rju,-0.336972171
to,rju,-0.336972171
ni,mjo,-0.336972171
no,rju,-0.336972171
pa,mjo,-0.336972171
ka,hi,-0.337165263
ka,ho,-0.337165263
ke,ro,-0.337165263
ko,hi,-0.337165263
ko,be,-0.337165263
ge,ho,-0.337165263
go,pe,-0.337165263
go,me,-0.337165263
go,ri,-0.337165263
hi,rja,-0.337435978
hi,rju,-0.337435978
hju,ri,-0.337435978
bjo,ri,-0.337435978
e,sja,-0.339624925
e,sju,-0.339624925
e,zja,-0.339624925
e,zju,-0.339624925
e,tja,-0.339624925
e,tju,-0.339624925
e,nju,-0.339624925
sa,sjo,-0.339643255
sa,mja,-0.339643255
su,njo,-0.339643255
su,mju,-0.339643255
sjo,nu,-0.339643255
za,zjo,-0.339643255
ta,tjo,-0.339643255
da,djo,-0.339643255
na,njo,-0.339643255
ja,pe,-0.340099463
ja,be,-0.340099463
ja,me,-0.340099463
ja,ri,-0.340099463
kja,sa,-0.340247587
kja,na,-0.340247587
kjo,zu,-0.340247587
gja,za,-0.340247587
gjo,su,-0.340247587
se,djo,-0.340636185
sjo,de,-0.340636185
ze,tjo,-0.340636185
ze,njo,-0.340636185
zjo,te,-0.340636185
zjo,ne,-0.340636185
zjo,ra,-0.340636185
tjo,bi,-0.340636185
djo,pi,-0.340636185
djo,mi,-0.340636185
djo,ra,-0.340636185
njo,hu,-0.340636185
njo,bi,-0.340636185
po,bja,-0.340636185
bo,mja,-0.340636185
bja,mo,-0.340636185
kjo,bja,-0.341416238
gjo,mja,-0.341416238
jo,se,-0.341886117
jo,ze,-0.341886117
jo,te,-0.341886117
jo,de,-0.341886117
jo,ne,-0.341886117
ku,su,-0.341886117
ku,nu,-0.341886117
gi,tu,-0.341886117
gi,nu,-0.341886117
gu,zu,-0.341886117
so,he,-0.342757274
zi,he,-0.342757274
to,he,-0.342757274
he,pu,-0.342757274
he,ma,-0.342757274
ba,re,-0.342757274
bu,re,-0.342757274
a,hu,-0.34286516
i,se,-0.34286516
i,ze,-0.34286516
i,te,-0.34286516
i,de,-0.34286516
i,ne,-0.34286516
u,po,-0.34286516
u,bo,-0.34286516
u,mo,-0.34286516
o,ra,-0.34286516
kju,hi,-0.343304207
kju,ro,-0.343304207
gju,ho,-0.343304207
gju,ri,-0.343304207
kjo,re,-0.344311908
gja,he,-0.344311908
gjo,he,-0.344311908
si,zju,-0.34569665
sju,zi,-0.34569665
sju,do,-0.34569665
zo,tju,-0.34569665
zo,nju,-0.34569665
zju,to,-0.34569665
zju,no,-0.34569665
ki,zju,-0.346039928
gi,sju,-0.346039928
kjo,bi,-0.346906891
gja,hu,-0.346906891
gjo,pi,-0.346906891
gjo,mi,-0.346906891
gjo,ra,-0.346906891
ka,hjo,-0.347216917
gi,bjo,-0.34750143
o,hja,-0.348112937
zja,re,-0.349029729
zju,re,-0.349029729
se,ho,-0.349244328
ze,hi,-0.349244328
te,ho,-0.349244328
de,hi,-0.349244328
hi,po,-0.349244328
hi,ra,-0.349244328
hi,ru,-0.349244328
hu,pe,-0.349244328
hu,ri,-0.349244328
ho,pi,-0.349244328
bi,ro,-0.349244328
be,ra,-0.349244328
be,ru,-0.349244328
bo,ri,-0.349244328
ka,he,-0.350213828
ke,ha,-0.350213828
ko,he,-0.350213828
go,re,-0.350213828
hjo,ba,-0.350303762
hi,rjo,-0.350729641
hjo,me,-0.350729641
hjo,ri,-0.350729641
ki,me,-0.350759499
ku,hi,-0.350759499
ku,ho,-0.350759499
gu,ri,-0.350759499
gu,ro,-0.350759499
sa,te,-0.350928802
su,te,-0.350928802
su,hu,-0.350928802
su,pi,-0.350928802
su,bo,-0.350928802
se,ta,-0.350928802
se,tu,-0.350928802
za,de,-0.350928802
zu,de,-0.350928802
zu,po,-0.350928802
zu,bi,-0.350928802
zu,mo,-0.350928802
ze,da,-0.350928802
ta,ne,-0.350928802
ta,pi,-0.350928802
ta,bo,-0.350928802
tu,ne,-0.350928802
tu,hu,-0.350928802
tu,mi,-0.350928802
te,na,-0.350928802
te,nu,-0.350928802
da,po,-0.350928802
da,bi,-0.350928802
da,mo,-0.350928802
na,bo,-0.350928802
na,mi,-0.350928802
nu,pi,-0.350928802
zja,hjo,-0.351783785
kju,zu,-0.352098005
gju,su,-0.352098005
ka,pju,-0.352457777
ke,sjo,-0.352457777
ke,njo,-0.352457777
ke,mja,-0.352457777
ko,bja,-0.352457777
ga,bju,-0.352457777
ge,zjo,-0.352457777
go,mja,-0.352457777
ja,re,-0.352912899
jo,ka,-0.353614989
jo,ga,-0.353614989
ka,pu,-0.354197039
ke,zi,-0.354197039
ke,do,-0.354197039
ke,ma,-0.354197039
ko,so,-0.354197039
ko,ti,-0.354197039
ko,no,-0.354197039
ko,ba,-0.354197039
ga,bu,-0.354197039
ge,si,-0.354197039
ge,to,-0.354197039
ge,no,-0.354197039
go,zo,-0.354197039
go,pa,-0.354197039
go,ma,-0.354197039
su,mjo,-0.355327153
zu,hju,-0.355327153
da,bjo,-0.355327153
na,mjo,-0.355327153
a,kjo,-0.355662433
a,gjo,-0.355662433
e,kja,-0.355662433
e,gja,-0.355662433
o,kja,-0.355662433
o,gja,-0.355662433
ju,po,-0.355662433
ju,bo,-0.355662433
ju,mo,-0.355662433
sjo,me,-0.355850006
sjo,ri,-0.355850006
tjo,ri,-0.355850006
njo,ri,-0.355850006
hi,bja,-0.355850006
hi,bju,-0.355850006
pe,mja,-0.355850006
pe,mju,-0.355850006
pju,me,-0.355850006
pju,ri,-0.355850006
mju,ri,-0.355850006
se,bjo,-0.356222969
ze,mjo,-0.356222969
hu,rja,-0.356222969
hju,pi,-0.356222969
hju,mo,-0.356222969
bi,rju,-0.356222969
bjo,ra,-0.356222969
kjo,rja,-0.356926728
gja,hju,-0.356926728
si,to,-0.357142857
si,pu,-0.357142857
so,ti,-0.357142857
so,bu,-0.357142857
zi,do,-0.357142857
zi,bu,-0.357142857
zo,pu,-0.357142857
zo,mu,-0.357142857
ti,no,-0.357142857
ti,pa,-0.357142857
ti,mu,-0.357142857
to,ni,-0.357142857
to,ba,-0.357142857
do,pa,-0.357142857
do,ma,-0.357142857
ni,pu,-0.357142857
ni,ma,-0.357142857
no,ba,-0.357142857
pa,bu,-0.357142857
pu,ba,-0.357142857
ba,mu,-0.357142857
bu,ma,-0.357142857
a,hi,-0.357866189
i,ho,-0.357866189
i,ro,-0.357866189
u,hi,-0.357866189
u,ri,-0.357866189
o,hi,-0.357866189
o,pe,-0.357866189
o,be,-0.357866189
o,me,-0.357866189
o,ri,-0.357866189
ke,hja,-0.357952253
kju,bi,-0.358263323
kju,mo,-0.358263323
gju,pi,-0.358263323
gju,mi,-0.358263323
kjo,hja,-0.35906637
o,bja,-0.359140958
o,mja,-0.359140958
hu,re,-0.361324951
he,mo,-0.361324951
he,ru,-0.361324951
kjo,me,-0.361522073
kjo,ri,-0.361522073
gja,hi,-0.361522073
gjo,hi,-0.361522073
ki,re,-0.362718705
gi,he,-0.362718705
hi,ro,-0.363636364
ho,me,-0.363636364
ho,ri,-0.363636364
se,sja,-0.363917237
se,sju,-0.363917237
sju,pi,-0.363917237
sju,mo,-0.363917237
ze,zja,-0.363917237
ze,zju,-0.363917237
zju,bi,-0.363917237
te,tja,-0.363917237
te,tju,-0.363917237
tja,po,-0.363917237
tju,mi,-0.363917237
ne,nju,-0.363917237
nju,pi,-0.363917237
si,zjo,-0.364473815
so,bju,-0.364473815
sjo,zi,-0.364473815
zo,pju,-0.364473815
zo,mju,-0.364473815
ti,djo,-0.364473815
ti,bju,-0.364473815
tjo,ba,-0.364473815
djo,ni,-0.364473815
djo,pa,-0.364473815
djo,ma,-0.364473815
ni,bju,-0.364473815
njo,ba,-0.364473815
ku,sjo,-0.364775319
ku,njo,-0.364775319
gu,zjo,-0.364775319
kjo,ba,-0.364984569
gjo,pa,-0.364984569
gjo,ma,-0.364984569
sa,ho,-0.365160028
sa,pe,-0.365160028
su,ho,-0.365160028
su,pe,-0.365160028
su,ri,-0.365160028
za,be,-0.365160028
za,ro,-0.365160028
zu,be,-0.365160028
ta,ho,-0.365160028
ta,me,-0.365160028
tu,ho,-0.365160028
tu,me,-0.365160028
tu,ri,-0.365160028
da,ro,-0.365160028
na,pe,-0.365160028
nu,pe,-0.365160028
nu,ri,-0.365160028
kjo,mja,-0.36581374
e,kju,-0.366369379
e,gju,-0.366369379
ju,ka,-0.366369379
ju,ga,-0.366369379
ki,zi,-0.366369379
ki,pa,-0.366369379
ku,ti,-0.366369379
ku,to,-0.366369379
gi,si,-0.366369379
gi,ba,-0.366369379
gu,do,-0.366369379
pa,wa,-0.366369379
pu,wa,-0.366369379
ba,wa,-0.366369379
bu,wa,-0.366369379
ma,wa,-0.366369379
mu,wa,-0.366369379
ke,rja,-0.366888335
ga,hju,-0.366888335
ga,bjo,-0.366888335
go,rja,-0.366888335
zu,hjo,-0.367157767
njo,he,-0.367401291
he,pju,-0.367401291
bja,re,-0.367401291
bju,re,-0.367401291
se,hjo,-0.367980328
te,hjo,-0.367980328
hjo,pi,-0.367980328
bi,rjo,-0.367980328
jo,ha,-0.368441297
o,ha,-0.36925591
ju,pe,-0.369441758
ju,be,-0.369441758
ju,me,-0.369441758
ju,ro,-0.369441758
bja,rjo,-0.369820206
hi,bjo,-0.369948782
mjo,ri,-0.369948782
jo,kja,-0.370900555
jo,gja,-0.370900555
ka,pi,-0.371413875
ka,po,-0.371413875
ke,ze,-0.371413875
ke,ra,-0.371413875
ko,te,-0.371413875
ko,mi,-0.371413875
ga,hu,-0.371413875
ga,bi,-0.371413875
ga,bo,-0.371413875
ge,se,-0.371413875
go,de,-0.371413875
go,ra,-0.371413875
djo,bja,-0.371428571
njo,mja,-0.371428571
kju,ri,-0.371794351
gju,hi,-0.371794351
bjo,rja,-0.372093023
rja,rju,-0.372093023
kjo,ha,-0.372618834
a,hju,-0.372917858
i,bjo,-0.372917858
i,mjo,-0.372917858
ja,pju,-0.373226862
ja,bju,-0.373226862
ja,mju,-0.373226862
ke,zju,-0.374011842
ko,tja,-0.374011842
ge,sju,-0.374011842
ge,tja,-0.374011842
si,po,-0.374011842
si,ru,-0.374011842
se,no,-0.374011842
se,pa,-0.374011842
se,pu,-0.374011842
so,ne,-0.374011842
so,hu,-0.374011842
so,pi,-0.374011842
zi,bo,-0.374011842
ze,ba,-0.374011842
ze,bu,-0.374011842
zo,bi,-0.374011842
zo,ra,-0.374011842
ti,mo,-0.374011842
ti,ru,-0.374011842
te,ma,-0.374011842
te,mu,-0.374011842
to,hu,-0.374011842
to,mi,-0.374011842
do,ra,-0.374011842
ni,po,-0.374011842
ni,ru,-0.374011842
ne,pa,-0.374011842
ne,pu,-0.374011842
no,pi,-0.374011842
hu,pa,-0.374011842
hu,mu,-0.374011842
pa,mi,-0.374011842
pi,ma,-0.374011842
ha,pe,-0.374563698
kju,to,-0.375
kjo,tja,-0.375
gju,do,-0.375
sa,re,-0.375965265
su,re,-0.375965265
za,he,-0.375965265
ta,re,-0.375965265
tu,re,-0.375965265
da,he,-0.375965265
na,ha,-0.375965265
na,re,-0.375965265
nu,re,-0.375965265
sja,hi,-0.376908509
sju,hi,-0.376908509
zja,ro,-0.376908509
tja,hi,-0.376908509
tja,be,-0.376908509
tju,hi,-0.376908509
tju,be,-0.376908509
nju,ho,-0.376908509
nju,be,-0.376908509
so,hju,-0.377729128
zi,rju,-0.377729128
ti,bjo,-0.377729128
to,hju,-0.377729128
ni,bjo,-0.377729128
ga,hjo,-0.377773534
gjo,hja,-0.37785752
ki,bjo,-0.378001144
gi,mjo,-0.378001144
zja,rjo,-0.378732187
gja,bjo,-0.378938
ju,re,-0.379903885
he,rju,-0.380370279
hju,re,-0.380370279
se,njo,-0.380477139
sjo,ne,-0.380477139
sjo,pi,-0.380477139
sjo,ra,-0.380477139
zjo,bi,-0.380477139
te,pju,-0.380477139
tjo,mi,-0.380477139
tjo,ra,-0.380477139
de,bja,-0.380477139
de,bju,-0.380477139
ne,mja,-0.380477139
ne,mju,-0.380477139
njo,pi,-0.380477139
njo,ra,-0.380477139
hu,bja,-0.380477139
po,mja,-0.380477139
bi,bja,-0.380477139
mi,mja,-0.380477139
kjo,te,-0.380927582
kjo,mi,-0.380927582
kjo,ra,-0.380927582
gjo,de,-0.380927582
hja,rjo,-0.38150439
ki,de,-0.38214887
ki,bo,-0.38214887
ku,mi,-0.38214887
ku,mo,-0.38214887
gi,te,-0.38214887
gi,ne,-0.38214887
gi,po,-0.38214887
gi,mo,-0.38214887
po,wa,-0.38214887
bo,wa,-0.38214887
mo,wa,-0.38214887
ra,wa,-0.38214887
ru,wa,-0.38214887
a,rjo,-0.383309993
jo,hja,-0.383555498
ka,pe,-0.383689474
ko,me,-0.383689474
ko,ri,-0.383689474
ga,hi,-0.383689474
ga,ho,-0.383689474
ga,be,-0.383689474
go,hi,-0.383689474
zjo,rja,-0.384003666
djo,rja,-0.384003666
ha,re,-0.384615385
ja,bjo,-0.385626072
ja,mjo,-0.385626072
ja,rju,-0.385626072
kja,za,-0.385891134
gja,sa,-0.385891134
si,ro,-0.386039424
so,me,-0.386039424
so,ri,-0.386039424
ti,ro,-0.386039424
to,ri,-0.386039424
ni,hi,-0.386039424
ni,ro,-0.386039424
no,ho,-0.386039424
no,ri,-0.386039424
hi,ba,-0.386039424
hi,bu,-0.386039424
ho,ma,-0.386039424
ho,mu,-0.386039424
pu,ri,-0.386039424
ba,ro,-0.386039424
mu,ri,-0.386039424
sja,sjo,-0.386144991
zja,zjo,-0.386144991
tja,tjo,-0.386144991
ko,hja,-0.386361802
ge,hja,-0.386361802
sja,re,-0.386772297
sju,re,-0.386772297
tja,re,-0.386772297
tju,re,-0.386772297
nju,re,-0.386772297
zi,rjo,-0.387727822
hjo,ma,-0.387727822
ba,rjo,-0.387727822
ki,hjo,-0.387977593
gi,rjo,-0.387977593
gja,rjo,-0.388837839
se,mo,-0.388888889
se,ra,-0.388888889
se,ru,-0.388888889
te,ra,-0.388888889
te,ru,-0.388888889
ne,ra,-0.388888889
ne,ru,-0.388888889
hu,bi,-0.388888889
hu,mo,-0.388888889
hu,ra,-0.388888889
pi,ru,-0.388888889
bo,ra,-0.388888889
mi,ru,-0.388888889
ka,bju,-0.389343333
ke,zjo,-0.389343333
ko,mja,-0.389343333
ga,pju,-0.389343333
ga,mju,-0.389343333
ge,sjo,-0.389343333
kju,mi,-0.389760362
ha,rjo,-0.390152993
a,ke,-0.390891055
a,ko,-0.390891055
a,ge,-0.390891055
a,go,-0.390891055
i,ka,-0.390891055
i,ga,-0.390891055
u,ka,-0.390891055
u,ga,-0.390891055
e,ka,-0.390891055
e,ga,-0.390891055
o,ka,-0.390891055
o,ga,-0.390891055
hi,mja,-0.391887504
hi,mju,-0.391887504
bja,ro,-0.391887504
sjo,hi,-0.391887504
tjo,hi,-0.391887504
se,mjo,-0.392167227
hju,bi,-0.392167227
pi,rju,-0.392167227
mi,rju,-0.392167227
mjo,ra,-0.392167227
ko,ha,-0.393009877
ko,re,-0.393009877
ga,he,-0.393009877
ge,ha,-0.393009877
go,he,-0.393009877
sa,zjo,-0.393095503
sjo,za,-0.393095503
ta,djo,-0.393095503
tjo,da,-0.393095503
da,njo,-0.393095503
djo,na,-0.393095503
ki,ho,-0.393399642
ku,pe,-0.393399642
ku,ri,-0.393399642
ku,ro,-0.393399642
gi,ro,-0.393399642
gu,hi,-0.393399642
gu,ho,-0.393399642
gu,be,-0.393399642
ro,wa,-0.393399642
mja,rjo,-0.39348926
i,su,-0.394590745
i,zu,-0.394590745
i,tu,-0.394590745
i,nu,-0.394590745
e,sa,-0.394590745
e,su,-0.394590745
e,za,-0.394590745
e,zu,-0.394590745
e,ta,-0.394590745
e,tu,-0.394590745
e,da,-0.394590745
e,na,-0.394590745
e,nu,-0.394590745
ja,rjo,-0.394978994
zo,he,-0.395171516
do,he,-0.395171516
ni,he,-0.395171516
he,bu,-0.395171516
pa,re,-0.395171516
pu,re,-0.395171516
ma,re,-0.395171516
mu,re,-0.395171516
hju,rja,-0.395348837
mjo,rja,-0.395348837
ka,sa,-0.396490166
ka,na,-0.396490166
ke,su,-0.396490166
ke,da,-0.396490166
ke,nu,-0.396490166
ko,zu,-0.396490166
ko,ta,-0.396490166
ga,za,-0.396490166
ge,zu,-0.396490166
ge,ta,-0.396490166
ge,na,-0.396490166
go,su,-0.396490166
go,da,-0.396490166
si,tju,-0.3971311
sju,ti,-0.3971311
so,sja,-0.3971311
so,nju,-0.3971311
sju,no,-0.3971311
zo,zja,-0.3971311
ti,nju,-0.3971311
to,tja,-0.3971311
tju,ni,-0.3971311
tja,bjo,-0.397280728
hja,re,-0.397871416
ki,tjo,-0.398581489
ku,zjo,-0.398581489
gi,djo,-0.398581489
gi,bja,-0.398581489
gu,sjo,-0.398581489
ze,ho,-0.399496218
de,ho,-0.399496218
ne,hi,-0.399496218
hi,bo,-0.399496218
hu,be,-0.399496218
ho,bi,-0.399496218
pi,ro,-0.399496218
pe,ra,-0.399496218
pe,ru,-0.399496218
po,ri,-0.399496218
mi,ro,-0.399496218
me,ra,-0.399496218
me,ru,-0.399496218
mo,ri,-0.399496218
tjo,bja,-0.4
e,ku,-0.4
e,gu,-0.4
o,ki,-0.4
o,gi,-0.4
sa,su,-0.4
sa,na,-0.4
su,nu,-0.4
za,zu,-0.4
ta,tu,-0.4
djo,mja,-0.4
na,nu,-0.4
njo,bja,-0.4
ka,bjo,-0.400166251
ko,rja,-0.400166251
ga,mjo,-0.400166251
ga,rju,-0.400166251
he,bju,-0.400550968
pju,re,-0.400550968
mja,re,-0.400550968
mju,re,-0.400550968
gjo,ha,-0.40092576
kja,bjo,-0.400949273
gja,mjo,-0.400949273
ze,hjo,-0.400985246
de,hjo,-0.400985246
hjo,bi,-0.400985246
pi,rjo,-0.400985246
mi,rjo,-0.400985246
hi,mjo,-0.402461587
hju,pe,-0.402461587
be,rja,-0.402461587
be,rju,-0.402461587
gjo,tja,-0.402777778
ta,bjo,-0.403551436
da,mjo,-0.403551436
na,bjo,-0.403551436
nu,hju,-0.403551436
kjo,ti,-0.403560406
kjo,ma,-0.403560406
i,kja,-0.403774955
i,gja,-0.403774955
u,kja,-0.403774955
u,gja,-0.403774955
o,sja,-0.403774955
o,zja,-0.403774955
o,tja,-0.403774955
ki,su,-0.40513167
ki,nu,-0.40513167
ku,zu,-0.40513167
gi,zu,-0.40513167
gu,su,-0.40513167
sja,rjo,-0.40568059
tja,rjo,-0.40568059
ha,po,-0.407549967
ga,rjo,-0.40833015
ki,mjo,-0.408500858
kja,rjo,-0.409049141
se,zja,-0.409278158
se,zju,-0.409278158
sja,ze,-0.409278158
sja,hu,-0.409278158
sju,ze,-0.409278158
sju,bi,-0.409278158
zju,pi,-0.409278158
zju,mi,-0.409278158
tja,de,-0.409278158
tja,hu,-0.409278158
tja,bo,-0.409278158
tju,de,-0.409278158
de,nju,-0.409278158
si,tjo,-0.40964921
si,pju,-0.40964921
so,mju,-0.40964921
sjo,ti,-0.40964921
sjo,pa,-0.40964921
zi,djo,-0.40964921
zi,bju,-0.40964921
zjo,ba,-0.40964921
ti,njo,-0.40964921
ti,mju,-0.40964921
tjo,ni,-0.40964921
tjo,ma,-0.40964921
do,bja,-0.40964921
ni,pju,-0.40964921
no,mja,-0.40964921
njo,pa,-0.40964921
pa,pju,-0.40964921
ba,bju,-0.40964921
bu,bja,-0.40964921
ma,mju,-0.40964921
mu,mja,-0.40964921
sjo,rja,-0.409780629
tjo,rja,-0.409780629
njo,rja,-0.409780629
ha,bjo,-0.410277709
hja,bjo,-0.410658697
kju,ti,-0.410714286
kju,do,-0.410714286
gju,to,-0.410714286
gju,no,-0.410714286
u,so,-0.410912919
u,zo,-0.410912919
u,to,-0.410912919
u,do,-0.410912919
u,no,-0.410912919
o,pa,-0.410912919
o,ba,-0.410912919
o,ma,-0.410912919
sa,hjo,-0.411438511
za,rjo,-0.411438511
ta,hjo,-0.411438511
da,rjo,-0.411438511
nu,hjo,-0.411438511
ju,kja,-0.411611652
ju,gja,-0.411611652
ka,bu,-0.412518223
ke,so,-0.412518223
ke,no,-0.412518223
ko,zo,-0.412518223
ko,ma,-0.412518223
ga,pu,-0.412518223
ga,mu,-0.412518223
ge,zo,-0.412518223
go,so,-0.412518223
go,ti,-0.412518223
go,ni,-0.412518223
kja,pju,-0.414608744
gja,bju,-0.414608744
go,hja,-0.414771352
kja,po,-0.414948273
kjo,de,-0.414948273
gja,bo,-0.414948273
gjo,te,-0.414948273
gjo,ne,-0.414948273
i,sjo,-0.415484575
i,zjo,-0.415484575
i,tjo,-0.415484575
i,djo,-0.415484575
i,njo,-0.415484575
sa,zi,-0.415484575
sa,to,-0.415484575
sa,ma,-0.415484575
si,za,-0.415484575
su,no,-0.415484575
su,mu,-0.415484575
so,ta,-0.415484575
so,nu,-0.415484575
za,do,-0.415484575
zi,tu,-0.415484575
zi,nu,-0.415484575
zu,ti,-0.415484575
zu,ni,-0.415484575
zo,da,-0.415484575
ta,no,-0.415484575
ta,pu,-0.415484575
ti,da,-0.415484575
tu,pa,-0.415484575
to,na,-0.415484575
da,ni,-0.415484575
da,bu,-0.415484575
na,mu,-0.415484575
nu,ma,-0.415484575
ki,rjo,-0.415983195
gi,hjo,-0.415983195
ka,tju,-0.416007895
ke,sja,-0.416007895
ge,zja,-0.416007895
go,tja,-0.416007895
ha,be,-0.416375799
ha,ro,-0.416375799
hja,pe,-0.416730893
hja,ro,-0.416730893
sja,pe,-0.417939006
sja,ro,-0.417939006
sju,pe,-0.417939006
zja,hi,-0.417939006
zja,be,-0.417939006
zju,hi,-0.417939006
zju,be,-0.417939006
tja,me,-0.417939006
tja,ro,-0.417939006
tju,me,-0.417939006
nju,pe,-0.417939006
si,rju,-0.418486085
zi,bjo,-0.418486085
zo,hju,-0.418486085
ti,mjo,-0.418486085
ti,rju,-0.418486085
do,hju,-0.418486085
ni,rju,-0.418486085
sja,zjo,-0.418674994
sjo,zja,-0.418674994
tja,djo,-0.418674994
ki,to,-0.419821627
ki,ba,-0.419821627
ku,do,-0.419821627
ku,pa,-0.419821627
gi,do,-0.419821627
gi,pa,-0.419821627
gi,ma,-0.419821627
gu,ti,-0.419821627
gu,to,-0.419821627
gu,ni,-0.419821627
gu,no,-0.419821627
gu,ba,-0.419821627
sjo,bi,-0.420318093
zjo,pi,-0.420318093
zjo,mi,-0.420318093
te,bja,-0.420318093
te,bju,-0.420318093
de,pju,-0.420318093
de,mja,-0.420318093
de,mju,-0.420318093
ne,bja,-0.420318093
ne,bju,-0.420318093
hu,mja,-0.420318093
pi,bja,-0.420318093
bi,mja,-0.420318093
bja,mi,-0.420318093
ja,sa,-0.420943058
ja,za,-0.420943058
ja,ta,-0.420943058
ja,da,-0.420943058
ja,na,-0.420943058
i,po,-0.42143258
i,bo,-0.42143258
i,mo,-0.42143258
i,ra,-0.42143258
u,pi,-0.42143258
u,bi,-0.42143258
u,mi,-0.42143258
o,se,-0.42143258
o,ze,-0.42143258
o,te,-0.42143258
o,de,-0.42143258
o,ne,-0.42143258
o,pi,-0.42143258
o,bi,-0.42143258
o,mi,-0.42143258
ka,bi,-0.422848325
ka,bo,-0.422848325
ko,de,-0.422848325
ko,ra,-0.422848325
ga,pi,-0.422848325
ga,po,-0.422848325
ga,mi,-0.422848325
ga,mo,-0.422848325
ga,ru,-0.422848325
go,te,-0.422848325
go,ne,-0.422848325
gja,rju,-0.422960546
kja,mjo,-0.422960546
kja,pe,-0.423067818
gja,be,-0.423067818
gja,ro,-0.423067818
a,bjo,-0.423750715
a,mjo,-0.423750715
i,rja,-0.423750715
jo,bja,-0.424407105
jo,mja,-0.424407105
sju,he,-0.424514864
tju,he,-0.424514864
si,rjo,-0.425151881
ti,rjo,-0.425151881
ni,rjo,-0.425151881
pa,rjo,-0.425151881
ma,rjo,-0.425151881
a,jo,-0.425464401
sa,de,-0.425464401
sa,po,-0.425464401
su,de,-0.425464401
su,bi,-0.425464401
su,mo,-0.425464401
se,da,-0.425464401
za,te,-0.425464401
za,ne,-0.425464401
za,bo,-0.425464401
zu,te,-0.425464401
zu,ne,-0.425464401
zu,hu,-0.425464401
zu,pi,-0.425464401
zu,mi,-0.425464401
ze,ta,-0.425464401
ze,tu,-0.425464401
ze,na,-0.425464401
ze,nu,-0.425464401
ta,bi,-0.425464401
ta,mo,-0.425464401
da,pi,-0.425464401
da,mi,-0.425464401
na,po,-0.425464401
na,bi,-0.425464401
ka,tjo,-0.426228889
ka,mju,-0.426228889
ga,djo,-0.426228889
zja,bjo,-0.426629091
tja,mjo,-0.426629091
zjo,hi,-0.427925003
djo,hi,-0.427925003
mja,ro,-0.427925003
ze,rja,-0.428111485
ze,rju,-0.428111485
de,rja,-0.428111485
de,rju,-0.428111485
hju,mi,-0.428111485
hju,ra,-0.428111485
bo,rja,-0.428111485
si,do,-0.428571429
si,bu,-0.428571429
so,pa,-0.428571429
so,mu,-0.428571429
zi,to,-0.428571429
zi,no,-0.428571429
zi,pu,-0.428571429
zi,mu,-0.428571429
zo,ti,-0.428571429
zo,ni,-0.428571429
zo,ba,-0.428571429
zjo,bja,-0.428571429
ti,ba,-0.428571429
to,ma,-0.428571429
tjo,mja,-0.428571429
ni,ba,-0.428571429
no,pa,-0.428571429
pa,mu,-0.428571429
pu,ma,-0.428571429
kju,pe,-0.42877464
gju,be,-0.42877464
a,ro,-0.428933095
gja,re,-0.429232685
ki,se,-0.429289322
ki,ne,-0.429289322
ki,mo,-0.429289322
gi,ze,-0.429289322
gi,ra,-0.429289322
ka,be,-0.430213684
ga,pe,-0.430213684
ga,me,-0.430213684
ga,ri,-0.430213684
ga,ro,-0.430213684
hja,mjo,-0.43051232
kjo,sja,-0.430555556
gjo,zja,-0.430555556
kjo,ta,-0.43153468
gjo,da,-0.43153468
jo,rja,-0.431800566
ki,djo,-0.43238766
ki,bja,-0.43238766
gi,tjo,-0.43238766
gi,njo,-0.43238766
gi,mja,-0.43238766
gu,bja,-0.43238766
sa,hi,-0.432580014
sa,be,-0.432580014
sa,ro,-0.432580014
su,hi,-0.432580014
su,be,-0.432580014
za,ho,-0.432580014
za,pe,-0.432580014
za,me,-0.432580014
za,ri,-0.432580014
zu,ho,-0.432580014
zu,pe,-0.432580014
zu,me,-0.432580014
ta,hi,-0.432580014
ta,ro,-0.432580014
tu,hi,-0.432580014
da,ho,-0.432580014
da,ri,-0.432580014
na,ro,-0.432580014
ja,si,-0.43318469
ja,zi,-0.43318469
ja,ti,-0.43318469
ja,ni,-0.43318469
ja,pu,-0.43318469
ja,bu,-0.43318469
ja,mu,-0.43318469
ka,mjo,-0.433444167
ka,rju,-0.433444167
sjo,ha,-0.433700646
tjo,ha,-0.433700646
he,mju,-0.433700646
ne,hjo,-0.433990164
hjo,mi,-0.433990164
kju,he,-0.434482198
gju,re,-0.434482198
a,re,-0.434627955
i,ha,-0.434627955
u,he,-0.434627955
u,re,-0.434627955
i,hja,-0.434905545
hju,be,-0.434974391
pe,rja,-0.434974391
pe,rju,-0.434974391
me,rja,-0.434974391
me,rju,-0.434974391
hju,bja,-0.435557592
ga,re,-0.435805926
go,ha,-0.435805926
ki,ro,-0.436039785
ku,be,-0.436039785
gi,ho,-0.436039785
gu,pe,-0.436039785
gu,me,-0.436039785
si,hu,-0.437005921
si,bo,-0.437005921
se,ba,-0.437005921
se,bu,-0.437005921
so,bi,-0.437005921
so,ra,-0.437005921
zi,po,-0.437005921
zi,mo,-0.437005921
zi,ra,-0.437005921
ze,pa,-0.437005921
ze,pu,-0.437005921
ze,ma,-0.437005921
ze,mu,-0.437005921
zo,hu,-0.437005921
zo,pi,-0.437005921
zo,mi,-0.437005921
ti,hu,-0.437005921
to,ra,-0.437005921
do,hu,-0.437005921
no,ra,-0.437005921
hu,ba,-0.437005921
su,he,-0.437982633
tu,he,-0.437982633
na,he,-0.437982633
hja,po,-0.438628359
ka,rjo,-0.438886767
gi,rja,-0.439000572
kja,tjo,-0.439006245
kja,bju,-0.439006245
gja,djo,-0.439006245
gja,pju,-0.439006245
gja,mju,-0.439006245
ha,mjo,-0.44018514
jo,pa,-0.44023857
jo,ba,-0.44023857
jo,ma,-0.44023857
ja,se,-0.441074435
ja,ze,-0.441074435
ja,te,-0.441074435
ja,de,-0.441074435
ja,ne,-0.441074435
ja,po,-0.441074435
ja,bo,-0.441074435
ja,mo,-0.441074435
ja,ru,-0.441074435
ki,ha,-0.441165159
ku,he,-0.441165159
gu,re,-0.441165159
kja,pu,-0.442136244
gja,bu,-0.442136244
gjo,ti,-0.442136244
gjo,ni,-0.442136244
si,ho,-0.443019712
so,hi,-0.443019712
ti,ho,-0.443019712
to,hi,-0.443019712
hi,ma,-0.443019712
hi,mu,-0.443019712
pa,ro,-0.443019712
ba,ri,-0.443019712
ma,ro,-0.443019712
a,i,-0.444444444
a,u,-0.444444444
se,hu,-0.444444444
te,hu,-0.444444444
hu,mi,-0.444444444
po,ra,-0.444444444
bi,ra,-0.444444444
mo,ra,-0.444444444
hja,be,-0.444487262
kja,rju,-0.444971818
sjo,hja,-0.444985144
tjo,hja,-0.444985144
ju,so,-0.445445527
ju,zo,-0.445445527
ju,to,-0.445445527
ju,do,-0.445445527
ju,no,-0.445445527
kju,so,-0.446428571
kju,no,-0.446428571
gju,zo,-0.446428571
gju,ti,-0.446428571
gju,ni,-0.446428571
sa,tjo,-0.446547752
sjo,ta,-0.446547752
za,djo,-0.446547752
zjo,da,-0.446547752
ta,njo,-0.446547752
tjo,na,-0.446547752
ja,ro,-0.446699821
jo,ra,-0.447295372
no,he,-0.447585758
he,mu,-0.447585758
ki,hja,-0.447924436
so,zja,-0.44856555
sja,zo,-0.44856555
zi,tju,-0.44856555
zi,nju,-0.44856555
zju,ti,-0.44856555
zju,ni,-0.44856555
tja,do,-0.44856555
kja,pi,-0.448968964
kja,bo,-0.448968964
kjo,se,-0.448968964
kjo,ne,-0.448968964
gja,po,-0.448968964
gja,bi,-0.448968964
gja,mo,-0.448968964
gja,ru,-0.448968964
gjo,ze,-0.448968964
ne,ho,-0.449748109
hi,mo,-0.449748109
hu,me,-0.449748109
ho,mi,-0.449748109
sja,tjo,-0.451204996
sjo,tja,-0.451204996
zja,djo,-0.451204996
tja,njo,-0.451204996
za,bjo,-0.451775718
ta,mjo,-0.451775718
ja,sju,-0.451887478
ja,zju,-0.451887478
ja,tju,-0.451887478
ja,nju,-0.451887478
ju,se,-0.451887478
ju,ze,-0.451887478
ju,te,-0.451887478
ju,de,-0.451887478
ju,ne,-0.451887478
se,ha,-0.453774984
te,ha,-0.453774984
ha,pi,-0.453774984
ha,bo,-0.453774984
kja,be,-0.453840691
kja,ro,-0.453840691
gja,pe,-0.453840691
gja,me,-0.453840691
gja,ri,-0.453840691
se,tja,-0.454639079
se,tju,-0.454639079
sja,te,-0.454639079
sja,po,-0.454639079
sju,te,-0.454639079
sju,mi,-0.454639079
zja,de,-0.454639079
zja,hu,-0.454639079
zja,bo,-0.454639079
zju,de,-0.454639079
te,nju,-0.454639079
tja,ne,-0.454639079
tja,pi,-0.454639079
tja,mo,-0.454639079
tju,ne,-0.454639079
si,djo,-0.454824605
si,bju,-0.454824605
sjo,ba,-0.454824605
zi,tjo,-0.454824605
zi,njo,-0.454824605
zi,pju,-0.454824605
zi,mju,-0.454824605
zjo,ti,-0.454824605
zjo,ni,-0.454824605
zjo,pa,-0.454824605
zjo,ma,-0.454824605
to,bja,-0.454824605
do,mja,-0.454824605
no,bja,-0.454824605
pa,bju,-0.454824605
pu,bja,-0.454824605
pju,ba,-0.454824605
ba,mju,-0.454824605
bu,mja,-0.454824605
bja,mu,-0.454824605
bju,ma,-0.454824605
a,kju,-0.45545646
a,gju,-0.45545646
sa,rjo,-0.455719256
za,hjo,-0.455719256
ta,rjo,-0.455719256
da,hjo,-0.455719256
na,rjo,-0.455719256
sja,bjo,-0.455977455
zja,mjo,-0.455977455
sjo,bja,-0.457142857
zjo,mja,-0.457142857
bja,bju,-0.457142857
mja,mju,-0.457142857
kju,be,-0.457264784
gju,pe,-0.457264784
gju,me,-0.457264784
kja,re,-0.457539611
ja,sjo,-0.457742287
ja,zjo,-0.457742287
ja,tjo,-0.457742287
ja,djo,-0.457742287
ja,njo,-0.457742287
ke,zja,-0.458003947
ko,sja,-0.458003947
ga,tju,-0.458003947
ga,nju,-0.458003947
ge,sja,-0.458003947
go,zja,-0.458003947
ha,me,-0.458187899
ha,ri,-0.458187899
kjo,zja,-0.458333333
gjo,sja,-0.458333333
sja,be,-0.458969503
sju,be,-0.458969503
zja,pe,-0.458969503
zja,me,-0.458969503
zja,ri,-0.458969503
zju,pe,-0.458969503
zju,me,-0.458969503
nju,hi,-0.458969503
si,hju,-0.459243043
si,bjo,-0.459243043
zi,mjo,-0.459243043
zo,rja,-0.459243043
ti,hju,-0.459243043
do,rja,-0.459243043
no,hju,-0.459243043
hju,pa,-0.459243043
ju,ha,-0.459967962
se,pju,-0.460159046
sjo,mi,-0.460159046
ze,bja,-0.460159046
ze,bju,-0.460159046
te,mja,-0.460159046
te,mju,-0.460159046
ne,pju,-0.460159046
pi,mja,-0.460159046
kju,re,-0.460689319
gju,he,-0.460689319
hju,mja,-0.461334555
ki,tja,-0.461509982
zju,he,-0.462257432
si,hjo,-0.462575941
ti,hjo,-0.462575941
ka,djo,-0.463114444
ga,tjo,-0.463114444
ga,njo,-0.463114444
kja,djo,-0.463403747
kja,mju,-0.463403747
gja,tjo,-0.463403747
gja,njo,-0.463403747
njo,hi,-0.463962501
bja,ri,-0.463962501
se,rja,-0.464055742
se,rju,-0.464055742
te,rja,-0.464055742
te,rju,-0.464055742
ne,rja,-0.464055742
ne,rju,-0.464055742
po,rja,-0.464055742
mo,rja,-0.464055742
ka,za,-0.465496722
ka,tu,-0.465496722
ke,sa,-0.465496722
ke,zu,-0.465496722
ke,na,-0.465496722
ko,da,-0.465496722
ga,sa,-0.465496722
ge,su,-0.465496722
ge,za,-0.465496722
go,ta,-0.465496722
go,na,-0.465496722
gju,bja,-0.466118454
ki,sjo,-0.46619383
ki,njo,-0.46619383
ki,mja,-0.46619383
ku,bja,-0.46619383
gi,zjo,-0.46619383
gu,mja,-0.46619383
a,ki,-0.466666667
a,ku,-0.466666667
a,gi,-0.466666667
a,gu,-0.466666667
zjo,ha,-0.466850323
djo,ha,-0.466850323
zjo,hja,-0.466991086
djo,hja,-0.466991086
hju,me,-0.467487196
ki,zu,-0.468377223
ki,ta,-0.468377223
gi,su,-0.468377223
gi,da,-0.468377223
hja,bo,-0.469314179
gju,rja,-0.469432282
ki,rja,-0.469500286
gu,rja,-0.469500286
ka,ti,-0.470839408
ka,to,-0.470839408
ka,mu,-0.470839408
ke,zo,-0.470839408
ko,si,-0.470839408
ko,ni,-0.470839408
ga,do,-0.470839408
ge,so,-0.470839408
go,zi,-0.470839408
a,sjo,-0.471828192
a,zjo,-0.471828192
a,tjo,-0.471828192
a,djo,-0.471828192
a,njo,-0.471828192
i,bja,-0.471828192
i,mja,-0.471828192
hja,me,-0.472243631
hja,ri,-0.472243631
ki,do,-0.473273876
ki,ma,-0.473273876
ku,si,-0.473273876
ku,so,-0.473273876
ku,ni,-0.473273876
ku,no,-0.473273876
ku,ba,-0.473273876
gi,to,-0.473273876
gi,no,-0.473273876
gu,zi,-0.473273876
gu,zo,-0.473273876
gu,pa,-0.473273876
gu,ma,-0.473273876
ju,hja,-0.4734253
kju,hja,-0.473904162
ku,hja,-0.473962218
gi,hja,-0.473962218
ka,te,-0.474282775
ka,mi,-0.474282775
ka,mo,-0.474282775
ka,ru,-0.474282775
ko,se,-0.474282775
ko,ne,-0.474282775
ga,de,-0.474282775
go,ze,-0.474282775
a,rju,-0.474583572
u,rja,-0.474583572
ki,ze,-0.476429774
ki,ra,-0.476429774
ku,te,-0.476429774
gi,se,-0.476429774
gu,de,-0.476429774
gu,ra,-0.476429774
ka,me,-0.476737895
ka,ri,-0.476737895
ka,ro,-0.476737895
kjo,da,-0.477178227
gjo,ta,-0.477178227
gjo,na,-0.477178227
u,hja,-0.478301848
ka,re,-0.478601975
ku,me,-0.478679928
ku,ha,-0.480388386
ku,re,-0.480388386
gi,ha,-0.480388386
gu,he,-0.480388386
kja,bu,-0.480712081
kjo,si,-0.480712081
kjo,ni,-0.480712081
gja,pu,-0.480712081
gja,mu,-0.480712081
gjo,zi,-0.480712081
kju,si,-0.482142857
kju,zo,-0.482142857
kju,ni,-0.482142857
kju,pa,-0.482142857
gju,so,-0.482142857
gju,zi,-0.482142857
gju,ba,-0.482142857
kja,bi,-0.482989655
kja,mo,-0.482989655
kja,ru,-0.482989655
kjo,ze,-0.482989655
gja,pi,-0.482989655
gja,mi,-0.482989655
gjo,se,-0.482989655
sja,djo,-0.483734999
zja,tjo,-0.483734999
zja,njo,-0.483734999
zjo,tja,-0.483734999
gju,ra,-0.48425148
kja,me,-0.484613564
kja,ri,-0.484613564
sja,hju,-0.485325818
sja,mjo,-0.485325818
tja,hju,-0.485325818
sjo,mja,-0.485714286
pju,bja,-0.485714286
bja,mju,-0.485714286
bju,mja,-0.485714286
kju,me,-0.485754928
kja,tju,-0.486111111
kju,ha,-0.48689644
kja,sjo,-0.487801249
kja,njo,-0.487801249
gja,zjo,-0.487801249
kju,bja,-0.488706151
gju,mja,-0.488706151
njo,hja,-0.488997029
kju,rja,-0.489810761
hja,rju,-0.490073189
gju,hja,-0.491301387
a,ju,-0.5
a,pe,-0.5
a,po,-0.5
a,be,-0.5
a,bo,-0.5
a,me,-0.5
a,mo,-0.5
a,ri,-0.5
a,ru,-0.5
i,so,-0.5
i,zo,-0.5
i,to,-0.5
i,do,-0.5
i,no,-0.5
i,pa,-0.5
i,ba,-0.5
i,ma,-0.5
u,si,-0.5
u,zi,-0.5
u,ti,-0.5
u,ni,-0.5
u,ha,-0.5
u,pe,-0.5
u,be,-0.5
u,me,-0.5
u,ra,-0.5
o,sa,-0.5
o,si,-0.5
o,za,-0.5
o,zi,-0.5
o,ta,-0.5
o,ti,-0.5
o,da,-0.5
o,na,-0.5
o,ni,-0.5
jo,sja,-0.5
jo,zja,-0.5
jo,tja,-0.5
ka,sju,-0.5
ka,sjo,-0.5
ka,nju,-0.5
ka,njo,-0.5
ki,zjo,-0.5
ku,tja,-0.5
ku,mja,-0.5
ku,rja,-0.5
ko,zja,-0.5
ga,zju,-0.5
ga,zjo,-0.5
gi,sjo,-0.5
gi,tja,-0.5
gu,hja,-0.5
go,sja,-0.5
sa,zu,-0.5
sa,ti,-0.5
sa,do,-0.5
sa,djo,-0.5
sa,ne,-0.5
sa,hu,-0.5
sa,pi,-0.5
sa,bo,-0.5
sa,bjo,-0.5
sa,me,-0.5
sa,ri,-0.5
sa,wa,-0.5
si,sja,-0.5
si,ta,-0.5
si,nu,-0.5
si,no,-0.5
si,nju,-0.5
si,njo,-0.5
si,pa,-0.5
si,mu,-0.5
si,mo,-0.5
si,mju,-0.5
si,mjo,-0.5
si,ra,-0.5
su,za,-0.5
su,ni,-0.5
su,ne,-0.5
su,mi,-0.5
su,me,-0.5
su,wa,-0.5
se,na,-0.5
se,nu,-0.5
se,hja,-0.5
se,hju,-0.5
se,bja,-0.5
se,bju,-0.5
se,ma,-0.5
se,mu,-0.5
so,tja,-0.5
so,da,-0.5
so,ni,-0.5
so,ha,-0.5
so,ba,-0.5
so,mi,-0.5
so,rja,-0.5
so,wa,-0.5
sja,to,-0.5
sja,de,-0.5
sja,bo,-0.5
sja,me,-0.5
sja,ri,-0.5
sju,de,-0.5
sju,ni,-0.5
sju,me,-0.5
sjo,da,-0.5
sjo,ni,-0.5
sjo,ma,-0.5
za,to,-0.5
za,tjo,-0.5
za,no,-0.5
za,njo,-0.5
za,hi,-0.5
za,po,-0.5
za,bi,-0.5
za,mo,-0.5
za,mjo,-0.5
za,ru,-0.5
za,wa,-0.5
zi,zja,-0.5
zi,da,-0.5
zi,hu,-0.5
zi,ho,-0.5
zi,hju,-0.5
zi,hjo,-0.5
zi,ba,-0.5
zu,hi,-0.5
zu,he,-0.5
zu,ra,-0.5
zu,wa,-0.5
ze,tja,-0.5
ze,tju,-0.5
ze,nju,-0.5
ze,ha,-0.5
ze,hu,-0.5
ze,pju,-0.5
ze,mja,-0.5
ze,mju,-0.5
zo,ta,-0.5
zo,na,-0.5
zo,hi,-0.5
zo,pa,-0.5
zo,bja,-0.5
zo,ma,-0.5
zo,wa,-0.5
zja,te,-0.5
zja,do,-0.5
zja,ne,-0.5
zja,po,-0.5
zja,mo,-0.5
zja,ru,-0.5
zju,te,-0.5
zju,ne,-0.5
zju,ra,-0.5
zjo,ta,-0.5
zjo,na,-0.5
ta,ni,-0.5
ta,hu,-0.5
ta,bu,-0.5
ta,mi,-0.5
ta,ri,-0.5
ta,wa,-0.5
ti,tja,-0.5
ti,na,-0.5
ti,ma,-0.5
ti,ra,-0.5
tu,da,-0.5
tu,ba,-0.5
tu,wa,-0.5
te,hja,-0.5
te,hju,-0.5
to,ha,-0.5
to,mja,-0.5
to,rja,-0.5
to,wa,-0.5
tja,no,-0.5
tja,pu,-0.5
tja,bi,-0.5
tja,ri,-0.5
tju,pa,-0.5
da,nu,-0.5
da,hi,-0.5
da,pu,-0.5
da,mu,-0.5
da,ru,-0.5
da,wa,-0.5
de,ha,-0.5
de,hu,-0.5
do,hi,-0.5
do,wa,-0.5
na,ho,-0.5
na,hjo,-0.5
na,pi,-0.5
na,bu,-0.5
na,ri,-0.5
na,wa,-0.5
ni,pa,-0.5
ni,mja,-0.5
ni,ra,-0.5
nu,hu,-0.5
nu,ho,-0.5
nu,ba,-0.5
nu,wa,-0.5
no,hu,-0.5
no,rja,-0.5
no,wa,-0.5
nju,he,-0.5
nju,ma,-0.5
njo,ha,-0.5
ha,pu,-0.5
ha,pju,-0.5
ha,bi,-0.5
ha,mo,-0.5
ha,ru,-0.5
ha,rju,-0.5
hu,ma,-0.5
hja,pi,-0.5
hja,mo,-0.5
hja,ru,-0.5
hju,ba,-0.5
pa,mju,-0.5
pa,ri,-0.5
pi,ra,-0.5
pi,wa,-0.5
pu,mja,-0.5
pe,wa,-0.5
pju,ma,-0.5
ba,ru,-0.5
bi,rja,-0.5
bi,wa,-0.5
bu,ra,-0.5
be,wa,-0.5
bja,ru,-0.5
bju,ra,-0.5
ma,ri,-0.5
mi,ra,-0.5
mi,wa,-0.5
me,wa,-0.5
mja,ri,-0.5
ri,wa,-0.5
re,wa,-0.5
hja,pju,-0.511002971
kju,mja,-0.511293849
kja,zjo,-0.512198751
gja,sjo,-0.512198751
bja,rju,-0.512888482
bju,rja,-0.512888482
gju,ha,-0.51310356
gja,tju,-0.513888889
gja,nju,-0.513888889
pju,mja,-0.514285714
zja,hju,-0.514674182
kju,te,-0.51574852
kju,ra,-0.51574852
gju,de,-0.51574852
sja,njo,-0.516265001
kja,te,-0.517010345
kja,mi,-0.517010345
gja,de,-0.517010345
kju,zi,-0.517857143
kju,ba,-0.517857143
gju,si,-0.517857143
gju,pa,-0.517857143
gju,ma,-0.517857143
kja,to,-0.519287919
kja,mu,-0.519287919
kjo,zi,-0.519287919
gja,do,-0.519287919
gjo,si,-0.519287919
gu,ha,-0.519611614
kjo,na,-0.522821773
kjo,sa,-0.522821773
gjo,za,-0.522821773
ku,de,-0.523570226
ku,ra,-0.523570226
gu,te,-0.523570226
gu,ne,-0.523570226
ka,de,-0.525717225
ko,ze,-0.525717225
ga,te,-0.525717225
ga,ne,-0.525717225
go,se,-0.525717225
ki,so,-0.526726124
ki,no,-0.526726124
ku,zi,-0.526726124
ku,zo,-0.526726124
ku,ma,-0.526726124
gi,zo,-0.526726124
gu,si,-0.526726124
gu,so,-0.526726124
a,pju,-0.528171808
a,bju,-0.528171808
a,mju,-0.528171808
u,bja,-0.528171808
u,mja,-0.528171808
ka,do,-0.529160592
ko,zi,-0.529160592
ga,ti,-0.529160592
ga,to,-0.529160592
ga,ni,-0.529160592
ga,no,-0.529160592
go,si,-0.529160592
ze,hja,-0.530685821
de,hja,-0.530685821
hja,bi,-0.530685821
ju,rja,-0.53112864
ki,da,-0.531622777
ku,ta,-0.531622777
gi,ta,-0.531622777
gi,na,-0.531622777
gu,da,-0.531622777
i,sja,-0.532075015
i,zja,-0.532075015
i,tja,-0.532075015
hja,bju,-0.533008914
ha,bju,-0.533149677
ju,bja,-0.534503278
ju,mja,-0.534503278
ke,za,-0.534503278
ko,sa,-0.534503278
ko,na,-0.534503278
ga,tu,-0.534503278
ga,nu,-0.534503278
ge,sa,-0.534503278
go,za,-0.534503278
so,hja,-0.53479445
to,hja,-0.53479445
hja,pu,-0.53479445
ze,hju,-0.535944258
de,hju,-0.535944258
pi,rja,-0.535944258
mi,rja,-0.535944258
ka,zjo,-0.536885556
ga,sjo,-0.536885556
ni,hjo,-0.537424059
ki,sja,-0.538490018
gi,zja,-0.538490018
gu,tja,-0.538490018
kju,tja,-0.538575837
pju,rja,-0.538665445
mja,rju,-0.538665445
mju,rja,-0.538665445
se,mja,-0.539840954
se,mju,-0.539840954
pju,ra,-0.539840954
mja,ru,-0.539840954
mju,ra,-0.539840954
zi,rja,-0.540756957
ni,hju,-0.540756957
hju,ma,-0.540756957
ba,rju,-0.540756957
bu,rja,-0.540756957
kja,sju,-0.541666667
kja,nju,-0.541666667
gja,zju,-0.541666667
ka,zju,-0.541996053
ga,sju,-0.541996053
zja,rju,-0.544022545
zju,rja,-0.544022545
so,bja,-0.545175395
zo,mja,-0.545175395
ti,bja,-0.545175395
ni,bja,-0.545175395
se,nju,-0.545360921
sja,ne,-0.545360921
sja,pi,-0.545360921
sja,mo,-0.545360921
sja,ru,-0.545360921
sju,ne,-0.545360921
sju,ra,-0.545360921
zja,bi,-0.545360921
tja,mi,-0.545360921
tja,ru,-0.545360921
tju,ra,-0.545360921
nju,ra,-0.545360921
ne,ha,-0.546225016
ha,mi,-0.546225016
kju,de,-0.547245559
gju,te,-0.547245559
gju,ne,-0.547245559
ju,ra,-0.548112522
sa,mjo,-0.548224282
tja,pju,-0.548795004
nju,mja,-0.548795004
kja,de,-0.551031036
gja,te,-0.551031036
gja,ne,-0.551031036
si,zja,-0.55143445
sja,zi,-0.55143445
sja,do,-0.55143445
zo,tja,-0.55143445
zja,to,-0.55143445
zja,no,-0.55143445
tja,bu,-0.55143445
tju,ba,-0.55143445
nju,ba,-0.55143445
si,ha,-0.552414242
zo,ha,-0.552414242
ti,ha,-0.552414242
do,ha,-0.552414242
ha,bu,-0.552414242
sa,njo,-0.553452248
sjo,na,-0.553452248
ta,pju,-0.553452248
da,bju,-0.553452248
na,mju,-0.553452248
nu,mja,-0.553452248
kju,ma,-0.553571429
ju,pa,-0.554554473
ju,ba,-0.554554473
ju,ma,-0.554554473
hja,mju,-0.555014856
ne,hu,-0.555555556
ni,ho,-0.556980288
no,hi,-0.556980288
kja,ti,-0.557863756
kja,do,-0.557863756
gja,to,-0.557863756
gja,no,-0.557863756
sa,sju,-0.560858062
su,sja,-0.560858062
za,zju,-0.560858062
zu,zja,-0.560858062
ta,tju,-0.560858062
tu,tja,-0.560858062
na,nju,-0.560858062
ne,hja,-0.561371641
hja,mi,-0.561371641
nu,he,-0.562017367
ni,hu,-0.562994079
pa,ru,-0.562994079
pu,ra,-0.562994079
ma,ru,-0.562994079
mu,ra,-0.562994079
gju,tja,-0.564293062
ha,mju,-0.566299354
ja,so,-0.56681531
ja,zo,-0.56681531
ja,to,-0.56681531
ja,do,-0.56681531
ja,no,-0.56681531
na,hi,-0.567419986
nu,hi,-0.567419986
kja,tu,-0.56846532
kjo,za,-0.56846532
gjo,sa,-0.56846532
kja,zju,-0.569444444
gja,sju,-0.569444444
zo,hja,-0.5695889
do,hja,-0.5695889
hja,bu,-0.5695889
jo,sa,-0.570710678
jo,za,-0.570710678
jo,ta,-0.570710678
jo,da,-0.570710678
jo,na,-0.570710678
ku,se,-0.570710678
ku,ne,-0.570710678
gu,ze,-0.570710678
si,ba,-0.571428571
so,ma,-0.571428571
zi,pa,-0.571428571
zi,ma,-0.571428571
ne,hju,-0.571888515
sja,rju,-0.573370909
sju,rja,-0.573370909
tja,rju,-0.573370909
tju,rja,-0.573370909
nju,rja,-0.573370909
sa,bi,-0.574535599
sa,mo,-0.574535599
sa,ru,-0.574535599
su,ra,-0.574535599
za,hu,-0.574535599
za,pi,-0.574535599
za,mi,-0.574535599
ta,ru,-0.574535599
tu,ra,-0.574535599
da,hu,-0.574535599
na,ru,-0.574535599
nu,ra,-0.574535599
sju,ha,-0.575485136
tju,ha,-0.575485136
ki,zja,-0.576980036
ku,sja,-0.576980036
gi,sja,-0.576980036
gu,zja,-0.576980036
ka,se,-0.577151675
ka,ne,-0.577151675
ga,ze,-0.577151675
a,se,-0.57856742
a,ze,-0.57856742
a,te,-0.57856742
a,de,-0.57856742
a,ne,-0.57856742
a,pi,-0.57856742
a,bi,-0.57856742
a,mi,-0.57856742
u,se,-0.57856742
u,ze,-0.57856742
u,te,-0.57856742
u,de,-0.57856742
u,ne,-0.57856742
kju,se,-0.578742599
kju,ne,-0.578742599
gju,ze,-0.578742599
ja,su,-0.579056942
ja,zu,-0.579056942
ja,tu,-0.579056942
ja,nu,-0.579056942
ki,zo,-0.580178373
gi,so,-0.580178373
tja,bju,-0.581325006
tju,bja,-0.581325006
nju,bja,-0.581325006
si,rja,-0.581513915
ti,rja,-0.581513915
ni,rja,-0.581513915
pa,rju,-0.581513915
pu,rja,-0.581513915
ma,rju,-0.581513915
mu,rja,-0.581513915
sa,no,-0.584515425
sa,pu,-0.584515425
si,da,-0.584515425
su,pa,-0.584515425
so,na,-0.584515425
za,ti,-0.584515425
za,ni,-0.584515425
za,bu,-0.584515425
zi,ta,-0.584515425
zi,na,-0.584515425
zu,ba,-0.584515425
ta,mu,-0.584515425
tu,ma,-0.584515425
na,pu,-0.584515425
nu,pa,-0.584515425
kja,se,-0.585051727
kja,ne,-0.585051727
gja,ze,-0.585051727
ka,si,-0.587481777
ka,so,-0.587481777
ka,ni,-0.587481777
ka,no,-0.587481777
ga,zi,-0.587481777
ga,zo,-0.587481777
sju,hja,-0.587692037
tju,hja,-0.587692037
a,so,-0.589087081
a,zo,-0.589087081
a,to,-0.589087081
a,do,-0.589087081
a,no,-0.589087081
a,pu,-0.589087081
a,bu,-0.589087081
a,mu,-0.589087081
u,pa,-0.589087081
u,ba,-0.589087081
u,ma,-0.589087081
kju,sja,-0.590010287
gju,zja,-0.590010287
so,mja,-0.59035079
zi,bja,-0.59035079
ti,mja,-0.59035079
sja,bi,-0.590721842
zja,pi,-0.590721842
zja,mi,-0.590721842
sja,sju,-0.592592593
zja,zju,-0.592592593
tja,tju,-0.592592593
ki,sa,-0.59486833
ki,na,-0.59486833
ku,da,-0.59486833
gi,za,-0.59486833
gu,ta,-0.59486833
gu,na,-0.59486833
a,sju,-0.596225045
a,zju,-0.596225045
a,tju,-0.596225045
a,nju,-0.596225045
u,sja,-0.596225045
u,zja,-0.596225045
u,tja,-0.596225045
kja,so,-0.596439594
kja,no,-0.596439594
gja,zo,-0.596439594
gja,ti,-0.596439594
gja,ni,-0.596439594
sa,hju,-0.596448564
za,rju,-0.596448564
zu,rja,-0.596448564
ta,hju,-0.596448564
da,rju,-0.596448564
sa,tu,-0.6
su,ta,-0.6
zu,da,-0.6
ta,nu,-0.6
tu,na,-0.6
si,tja,-0.6028689
sja,ti,-0.6028689
sja,no,-0.6028689
sja,pu,-0.6028689
zja,bu,-0.6028689
tja,ni,-0.6028689
tja,mu,-0.6028689
sju,pa,-0.6028689
zju,ba,-0.6028689
tju,ma,-0.6028689
nju,pa,-0.6028689
ka,su,-0.603509834
ka,nu,-0.603509834
ko,za,-0.603509834
ga,zu,-0.603509834
go,sa,-0.603509834
si,hja,-0.60438335
ti,hja,-0.60438335
no,hja,-0.60438335
hja,mu,-0.60438335
zi,ha,-0.604828484
no,ha,-0.604828484
ha,mu,-0.604828484
i,sa,-0.605409255
i,za,-0.605409255
i,ta,-0.605409255
i,da,-0.605409255
i,na,-0.605409255
kju,ta,-0.605644282
gju,da,-0.605644282
ta,bju,-0.606904497
tu,bja,-0.606904497
da,pju,-0.606904497
da,mju,-0.606904497
na,bju,-0.606904497
nu,bja,-0.606904497
kju,ze,-0.610239638
gju,se,-0.610239638
zju,hja,-0.612746904
zju,ha,-0.613227703
sja,pju,-0.613855009
zja,bju,-0.613855009
zju,bja,-0.613855009
tja,mju,-0.613855009
tju,mja,-0.613855009
gja,tu,-0.614108866
gja,nu,-0.614108866
ku,zja,-0.615470054
gu,sja,-0.615470054
kju,zja,-0.615727512
gju,sja,-0.615727512
ju,sja,-0.61785113
ju,zja,-0.61785113
ju,tja,-0.61785113
ku,ze,-0.61785113
gu,se,-0.61785113
se,wa,-0.61785113
ze,wa,-0.61785113
te,wa,-0.61785113
de,wa,-0.61785113
ne,wa,-0.61785113
kja,ze,-0.619072418
gja,se,-0.619072418
sa,zju,-0.621716124
su,zja,-0.621716124
sja,zu,-0.621716124
sju,za,-0.621716124
tju,da,-0.621716124
da,nju,-0.621716124
su,ha,-0.624034735
tu,ha,-0.624034735
ka,ze,-0.628586125
ga,se,-0.628586125
sja,zju,-0.62962963
sju,zja,-0.62962963
si,wa,-0.633630621
zi,wa,-0.633630621
ti,wa,-0.633630621
ni,wa,-0.633630621
kja,si,-0.635015431
kja,zo,-0.635015431
kja,ni,-0.635015431
gja,so,-0.635015431
gja,zi,-0.635015431
si,bja,-0.635526185
zi,mja,-0.635526185
sja,mi,-0.636082763
nju,hja,-0.637801772
zi,hja,-0.6391778
si,ma,-0.642857143
sa,rju,-0.644672847
su,rja,-0.644672847
za,hju,-0.644672847
ta,rju,-0.644672847
tu,rja,-0.644672847
da,hju,-0.644672847
na,rju,-0.644672847
nu,rja,-0.644672847
ka,zi,-0.645802961
ka,zo,-0.645802961
ga,si,-0.645802961
ga,so,-0.645802961
sja,bju,-0.646385011
sju,bja,-0.646385011
zja,pju,-0.646385011
zja,mju,-0.646385011
zju,mja,-0.646385011
kju,da,-0.647901995
gju,ta,-0.647901995
gju,na,-0.647901995
sa,mi,-0.649071198
na,hu,-0.649071198
nju,ha,-0.650970271
sja,bu,-0.65430335
sju,ba,-0.65430335
zi,tja,-0.65430335
zja,ti,-0.65430335
zja,ni,-0.65430335
zja,pu,-0.65430335
zja,mu,-0.65430335
zju,pa,-0.65430335
zju,ma,-0.65430335
ni,ha,-0.657242726
ki,za,-0.658113883
ku,sa,-0.658113883
ku,na,-0.658113883
gi,sa,-0.658113883
gu,za,-0.658113883
kja,su,-0.659752413
kja,nu,-0.659752413
gja,zu,-0.659752413
sa,pju,-0.660356745
za,bju,-0.660356745
zu,bja,-0.660356745
ta,mju,-0.660356745
tu,mja,-0.660356745
na,pju,-0.660356745
su,hja,-0.664677394
tu,hja,-0.664677394
sja,tju,-0.666666667
sju,tja,-0.666666667
tja,nju,-0.666666667
sa,ni,-0.669030851
sa,bu,-0.669030851
si,na,-0.669030851
su,ba,-0.669030851
za,pu,-0.669030851
za,mu,-0.669030851
zu,pa,-0.669030851
zu,ma,-0.669030851
ka,zu,-0.67251639
ga,su,-0.67251639
kja,zi,-0.673591269
gja,si,-0.673591269
ni,hja,-0.67397225
a,si,-0.678174161
a,zi,-0.678174161
a,ti,-0.678174161
a,ni,-0.678174161
sja,mju,-0.678915013
sju,mja,-0.678915013
si,mja,-0.680701581
sa,tju,-0.682574186
su,tja,-0.682574186
sja,tu,-0.682574186
sju,ta,-0.682574186
zju,da,-0.682574186
ta,nju,-0.682574186
tja,nu,-0.682574186
tju,na,-0.682574186
zu,ha,-0.686052102
kju,sa,-0.690159707
kju,na,-0.690159707
gju,za,-0.690159707
na,hju,-0.692897129
ju,sa,-0.693649167
ju,za,-0.693649167
ju,ta,-0.693649167
ju,da,-0.693649167
ju,na,-0.693649167
su,da,-0.7
za,tu,-0.7
za,nu,-0.7
zu,ta,-0.7
zu,na,-0.7
zja,tju,-0.703703704
zja,nju,-0.703703704
zju,tja,-0.703703704
kja,zu,-0.705395959
gja,su,-0.705395959
sja,ni,-0.7057378
sja,mu,-0.7057378
sju,ma,-0.7057378
zu,hja,-0.705846742
a,su,-0.710818511
a,zu,-0.710818511
a,tu,-0.710818511
a,nu,-0.710818511
u,sa,-0.710818511
u,za,-0.710818511
u,ta,-0.710818511
u,da,-0.710818511
u,na,-0.710818511
sa,bju,-0.713808994
su,bja,-0.713808994
za,pju,-0.713808994
za,mju,-0.713808994
zu,mja,-0.713808994
ku,za,-0.721359436
gu,sa,-0.721359436
kju,za,-0.73241742
gju,sa,-0.73241742
sja,nju,-0.740740741
sju,da,-0.743432248
za,tju,-0.743432248
za,nju,-0.743432248
zu,tja,-0.743432248
zja,tu,-0.743432248
zja,nu,-0.743432248
zju,ta,-0.743432248
zju,na,-0.743432248
nu,hja,-0.747016091
nu,ha,-0.748069469
sa,mu,-0.753546276
su,ma,-0.753546276
sa,mju,-0.767261242
su,mja,-0.767261242
sa,nu,-0.8
su,na,-0.8
sa,nju,-0.80429031
sja,nu,-0.80429031
sju,na,-0.80429031